Symbol,Name,Last Sale,Net Change,% Change,Market Cap,Country,IPO Year,Volume,Sector,Industry
AAL,American Airlines Group Inc. Common Stock,$16.365,0.245,1.52%,10647763874.00,United States,,12490434,Consumer Discretionary,Air Freight/Delivery Services
AAON,AAON Inc. Common Stock,$92.24,-0.81,-0.87%,4907125293.00,United States,,205459,Industrials,Industrial Machinery/Components
AAPL,Apple Inc. Common Stock,$151.52,-2.31,-1.502%,2626953756800.00,United States,1980,39405188,Technology,Computer Manufacturing
AAWW,Atlas Air Worldwide Holdings NEW Common Stock,$99.89,0.81,0.818%,2833299738.00,United States,,390065,Consumer Discretionary,Transportation Services
ABCB,Ameris Bancorp Common Stock,$44.65,-2.00,-4.287%,3097328083.00,United States,1994,183398,Finance,Major Banks
ABCL,AbCellera Biologics Inc. Common Shares,$8.03,-0.07,-0.864%,2297386429.00,Canada,2020,766791,Health Care,Pharmaceuticals and Biotechnology
ABCM,Abcam plc American Depositary Shares,$15.06,-0.19,-1.246%,3452834919.00,United Kingdom,2020,371698,Health Care,Biotechnology: Biological Products (No Diagnostic Substances)
ABNB,Airbnb Inc. Class A Common Stock,$127.74,1.41,1.116%,76184009154.00,United States,2020,4121899,Consumer Discretionary,Hotels/Resorts
ACAD,ACADIA Pharmaceuticals Inc. Common Stock,$20.425,-0.205,-0.994%,3307440552.00,United States,1985,649668,Health Care,Biotechnology: Pharmaceutical Preparations
ACGL,Arch Capital Group Ltd. Common Stock,$70.85,-0.85,-1.185%,26239013887.00,Bermuda,,2139473,Finance,Property-Casualty Insurers
ACHC,Acadia Healthcare Company Inc. Common Stock,$70.67,-2.67,-3.641%,6429324308.00,United States,,585141,Health Care,Hospital/Nursing Management
ACIW,ACI Worldwide Inc. Common Stock,$25.115,-0.555,-2.162%,2822276350.00,United States,,232466,Technology,EDP Services
ACLS,Axcelis Technologies Inc. Common Stock,$127.39,-1.46,-1.133%,4175207250.00,United States,2000,232945,Technology,Industrial Machinery/Components
ACT,Enact Holdings Inc. Common Stock,$24.16,-0.31,-1.267%,3934277554.00,United States,2021,31643,Finance,Specialty Insurers
ADBE,Adobe Inc. Common Stock,$345.44,-1.58,-0.455%,158142432000.00,United States,1986,1152583,Technology,Computer Software: Prepackaged Software
ADI,Analog Devices Inc. Common Stock,$184.475,-1.045,-0.563%,93317139753.00,United States,,1210928,Technology,Semiconductors
ADP,Automatic Data Processing Inc. Common Stock,$220.68,-4.84,-2.146%,91439098289.00,United States,,953995,Consumer Discretionary,Business Services
ADSK,Autodesk Inc. Common Stock,$205.85,-2.48,-1.19%,44415738640.00,United States,,656524,Technology,Computer Software: Prepackaged Software
AEIS,Advanced Energy Industries Inc. Common Stock,$92.85,-0.84,-0.897%,3478951525.00,United States,1995,68737,Consumer Discretionary,Electrical Products
AEP,American Electric Power Company Inc. Common Stock,$88.28,-1.09,-1.22%,45363885494.00,United States,,2137737,Utilities,Electric Utilities: Central
AFRM,Affirm Holdings Inc. Class A Common Stock,$12.2246,-0.9454,-7.178%,3593968539.00,United States,2021,10645329,Technology,EDP Services
AGNC,AGNC Investment Corp. Common Stock,$10.625,-0.095,-0.886%,6106187500.00,United States,2008,3461677,Real Estate,Real Estate Investment Trusts
AGYS,Agilysys Inc. Common Stock (DE),$87.855,3.745,4.453%,2214701377.00,United States,,128791,Technology,Computer Software: Prepackaged Software
AHCO,AdaptHealth Corp. Common Stock,$14.87,-0.08,-0.535%,2003459859.00,United States,2018,514258,Health Care,Biotechnology: Electromedical & Electrotherapeutic Apparatus
AIMC,Altra Industrial Motion Corp. Common Stock,$61.585,-0.025,-0.041%,4013730998.00,United States,2006,937138,Industrials,Industrial Machinery/Components
AKAM,Akamai Technologies Inc. Common Stock,$74.477,-0.463,-0.618%,11618412000.00,United States,1999,667578,Consumer Discretionary,Business Services
AKRO,Akero Therapeutics Inc. Common Stock,$46.96,-0.40,-0.845%,2195999215.00,United States,2019,398080,Health Care,Biotechnology: Pharmaceutical Preparations
ALGM,Allegro MicroSystems Inc. Common Stock,$45.28,-0.07,-0.154%,8671494556.00,United States,2020,897015,Technology,Semiconductors
ALGN,Align Technology Inc. Common Stock,$337.1475,1.3475,0.401%,26061501750.00,United States,2001,485954,Health Care,Industrial Specialties
ALKS,Alkermes plc Ordinary Shares,$26.995,-0.225,-0.827%,4437684375.00,Ireland,1991,308043,Health Care,Biotechnology: Pharmaceutical Preparations
ALNY,Alnylam Pharmaceuticals Inc. Common Stock,$196.41,-3.29,-1.647%,24163975440.00,United States,2004,280952,Health Care,Biotechnology: Pharmaceutical Preparations
ALRM,Alarm.com Holdings Inc. Common Stock,$50.045,-0.455,-0.901%,2497787187.00,United States,2015,128451,Technology,Computer Software: Prepackaged Software
ALTR,Altair Engineering Inc. Class A Common Stock,$66.05,-0.27,-0.407%,5293406709.00,United States,2017,263894,Technology,Computer Software: Prepackaged Software
ALVO,Alvotech Ordinary Shares,$14.00,-0.01,-0.071%,3481093070.00,Luxembourg,,25462,Health Care,Biotechnology: Pharmaceutical Preparations
AMAT,Applied Materials Inc. Common Stock,$116.19,-2.35,-1.982%,97957257568.00,United States,1972,2194517,Technology,Semiconductors
AMBA,Ambarella Inc. Ordinary Shares,$80.53,0.21,0.261%,3121090016.00,United States,2012,253430,Technology,Semiconductors
AMD,Advanced Micro Devices Inc. Common Stock,$82.31,1.15,1.417%,133948411092.00,United States,,53787651,Technology,Semiconductors
AMED,Amedisys Inc Common Stock,$86.31,-0.03,-0.035%,2809442459.00,United States,,111942,Health Care,Medical/Nursing Services
AMGN,Amgen Inc. Common Stock,$229.40,-5.71,-2.429%,122494148997.00,United States,1983,1129607,Health Care,Biotechnology: Pharmaceutical Preparations
AMKR,Amkor Technology Inc. Common Stock,$26.16,-0.21,-0.796%,6408536949.00,United States,1998,458980,Technology,Semiconductors
AMLX,Amylyx Pharmaceuticals Inc. Common Stock,$35.66,1.11,3.213%,2362696734.00,United States,2022,314779,Health Care,Biotechnology: Pharmaceutical Preparations
AMZN,Amazon.com Inc. Common Stock,$93.7901,0.0401,0.043%,954491361967.00,United States,1997,34955987,Consumer Discretionary,Catalog/Specialty Distribution
ANSS,ANSYS Inc. Common Stock,$301.99,-6.71,-2.174%,26307023848.00,United States,1996,585733,Technology,Computer Software: Prepackaged Software
APA,APA Corporation Common Stock,$39.055,-1.095,-2.727%,12556643388.00,United States,,2419280,Energy,Oil & Gas Production
APLS,Apellis Pharmaceuticals Inc. Common Stock,$65.00,0.69,1.073%,7187410555.00,United States,2017,992453,Health Care,Biotechnology: Pharmaceutical Preparations
APP,Applovin Corporation Class A Common Stock,$13.405,-0.205,-1.506%,5011776721.00,United States,2021,1017376,Technology,EDP Services
APPF,AppFolio Inc. Class A Common Stock,$127.845,-3.385,-2.579%,4525216578.00,United States,2015,96610,Technology,EDP Services
APPN,Appian Corporation Class A Common Stock,$43.58,-0.89,-2.001%,3174202686.00,United States,2017,143147,Technology,EDP Services
ARCB,ArcBest Corporation Common Stock,$100.82,-0.90,-0.885%,2442801353.00,United States,,171420,Industrials,Trucking Freight/Courier Services
ARCC,Ares Capital Corporation Common Stock,$19.15,-0.26,-1.34%,10175721923.00,United States,2004,2826972,Finance,Finance/Investors Services
ARGX,argenx SE American Depositary Shares,$338.59,-3.21,-0.939%,18786103752.00,Netherlands,2017,132657,Health Care,Biotechnology: Biological Products (No Diagnostic Substances)
ARLP,Alliance Resource Partners L.P. Common Units representing Limited Partners Interests,$20.54,-0.03,-0.146%,2612589798.00,United States,1999,274872,Energy,Coal Mining
ARRY,Array Technologies Inc. Common Stock,$21.945,0.295,1.363%,3302514396.00,United States,2020,2148512,Technology,Semiconductors
ARWR,Arrowhead Pharmaceuticals Inc. Common Stock,$30.58,-0.21,-0.682%,3312124785.00,United States,,548485,Health Care,Biotechnology: Pharmaceutical Preparations
ASML,ASML Holding N.V. New York Registry Shares,$608.30,-12.67,-2.04%,240028850639.00,Netherlands,1995,738885,Technology,Industrial Machinery/Components
ASND,Ascendis Pharma A/S American Depositary Shares,$111.685,-1.875,-1.651%,6383054067.00,Denmark,2015,96469,Health Care,Biotechnology: Pharmaceutical Preparations
ASO,Academy Sports and Outdoors Inc. Common Stock,$60.58,1.56,2.643%,4734017618.00,United States,2020,1242756,Consumer Discretionary,Recreational Games/Products/Toys
ATAT,Atour Lifestyle Holdings Limited American Depositary Shares,$26.575,-0.455,-1.683%,3465561188.00,China,2022,132672,Consumer Discretionary,Hotels/Resorts
ATVI,Activision Blizzard Inc. Common Stock,$79.23,-0.40,-0.502%,62007404024.00,United States,,2870693,Consumer Discretionary,Recreational Games/Products/Toys
AVAV,AeroVironment Inc. Common Stock,$91.50,3.93,4.488%,2301894414.00,United States,2007,412696,Industrials,Aerospace
AVGO,Broadcom Inc. Common Stock,$624.77,-8.15,-1.288%,260481397557.00,United States,2009,1050904,Technology,Semiconductors
AVT,Avnet Inc. Common Stock,$44.30,-0.68,-1.512%,4048111097.00,United States,,232927,Technology,Electronic Components
AXNX,Axonics Inc. Common Stock,$56.02,-0.98,-1.719%,2774668975.00,United States,2018,330103,Health Care,Medical/Dental Instruments
AXON,Axon Enterprise Inc. Common Stock,$221.67,0.29,0.131%,15775224021.00,United States,2001,378323,Consumer Discretionary,Military/Government/Technical
AXSM,Axsome Therapeutics Inc. Common Stock,$64.60,-1.72,-2.593%,2805330065.00,United States,2015,435391,Health Care,Biotechnology: Pharmaceutical Preparations
AY,Atlantica Sustainable Infrastructure plc Ordinary Shares,$28.068,-0.382,-1.343%,3257435277.00,United Kingdom,2014,244653,Utilities,Electric Utilities: Central
AZN,AstraZeneca PLC American Depositary Shares,$64.175,-0.385,-0.596%,198919194464.00,United Kingdom,,2315888,Health Care,Biotechnology: Pharmaceutical Preparations
AZPN,Aspen Technology Inc. Common Stock,$213.24,-4.36,-2.004%,13811826041.00,United States,,90769,Technology,EDP Services
AZTA,Azenta Inc.,$43.27,-0.72,-1.637%,2990102041.00,United States,,419173,Health Care,Medical/Dental Instruments
BANF,BancFirst Corporation Common Stock,$88.24,-0.59,-0.664%,2900939414.00,United States,1993,41687,Finance,Major Banks
BANR,Banner Corporation Common Stock,$61.49,-1.33,-2.117%,2102590167.00,United States,,69028,Finance,Major Banks
BBIO,BridgeBio Pharma Inc. Common Stock,$19.3015,2.7815,16.837%,2885248711.00,United States,2019,9701632,Health Care,Biotechnology: Pharmaceutical Preparations
BCPC,Balchem Corporation Common Stock,$127.30,-1.26,-0.98%,4090801031.00,United States,,30414,Industrials,Industrial Specialties
BEAM,Beam Therapeutics Inc. Common Stock,$38.01,-0.12,-0.315%,2678525208.00,United States,2020,414155,Health Care, Medicinal Chemicals and Botanical Products 
BECN,Beacon Roofing Supply Inc. Common Stock,$65.07,-1.04,-1.573%,4233580696.00,United States,2004,172231,Consumer Discretionary,Wholesale Distributors
BGNE,BeiGene Ltd. American Depositary Shares,$233.26,-5.38,-2.254%,24290096236.00,Cayman Islands,2016,91335,Health Care,Biotechnology: Pharmaceutical Preparations
BHF,Brighthouse Financial Inc. Common Stock,$56.29,-1.10,-1.917%,3843372448.00,United States,,215009,Finance,Life Insurance
BIDU,Baidu Inc. ADS,$142.93,-6.58,-4.401%,49389534823.00,China,2005,1889561,Technology,Computer Software: Programming Data Processing
BIIB,Biogen Inc. Common Stock,$264.275,-5.975,-2.211%,38183944097.00,United States,,326632,Health Care,Biotechnology: Pharmaceutical Preparations
BILI,Bilibili Inc. American Depositary Shares,$20.585,-1.045,-4.831%,8312745550.00,China,2018,5650600,Technology,EDP Services
BKNG,Booking Holdings Inc. Common Stock,$2580.035,-33.395,-1.278%,100077978669.00,United States,,172304,Consumer Discretionary,Other Consumer Services
BKR,Baker Hughes Company Class A Common Stock,$31.85,-0.42,-1.302%,32207283904.00,United States,,1841777,Energy,Oilfield Services/Equipment
BL,BlackLine Inc. Common Stock,$67.49,-0.56,-0.823%,4034341159.00,United States,2016,228994,Technology,Computer Software: Prepackaged Software
BLKB,Blackbaud Inc. Common Stock,$55.73,-0.40,-0.713%,2957525004.00,United States,2004,124540,Technology,Computer Software: Prepackaged Software
BLMN,Bloomin' Brands Inc. Common Stock,$26.37,0.14,0.534%,2315118392.00,United States,2012,663277,Consumer Discretionary,Restaurants
BMBL,Bumble Inc. Class A Common Stock,$20.305,-1.115,-5.205%,2633090206.00,United States,2021,2056036,Technology,Computer Software: Prepackaged Software
BMRN,BioMarin Pharmaceutical Inc. Common Stock,$93.61,-0.69,-0.732%,17397316933.00,United States,1999,1646841,Health Care,Biotechnology: Pharmaceutical Preparations
BNTX,BioNTech SE American Depositary Share,$129.67,-1.87,-1.422%,31469015948.00,Germany,2019,282619,Health Care,Biotechnology: Biological Products (No Diagnostic Substances)
BOKF,BOK Financial Corporation Common Stock,$99.48,-3.47,-3.371%,6661044910.00,United States,,117277,Finance,Major Banks
BPMC,Blueprint Medicines Corporation Common Stock,$44.22,0.80,1.842%,2652471829.00,United States,2015,208288,Health Care,Biotechnology: Pharmaceutical Preparations
BPOP,Popular Inc. Common Stock,$66.91,-2.23,-3.225%,4807732405.00,United States,,134085,Finance,Major Banks
BRKR,Bruker Corporation Common Stock,$74.135,-0.895,-1.193%,10903977744.00,United States,,268243,Industrials,Biotechnology: Laboratory Analytical Instruments
BRZE,Braze Inc. Class A Common Stock,$33.06,0.54,1.661%,3164053716.00,United States,2021,208598,Technology,Computer Software: Prepackaged Software
BSY,Bentley Systems Incorporated Class B Common Stock,$39.80,-1.18,-2.879%,11478029977.00,United States,2020,512236,Technology,Retail: Computer Software & Peripheral Equipment
BZ,KANZHUN LIMITED American Depository Shares,$19.905,-1.005,-4.806%,8613841078.00,China,2021,2120592,Technology,Computer Software: Programming Data Processing
CACC,Credit Acceptance Corporation Common Stock,$442.12,-4.56,-1.021%,5673897503.00,United States,1992,40075,Finance,Finance: Consumer Services
CALM,Cal-Maine Foods Inc. Common Stock,$56.285,-0.425,-0.749%,2754033436.00,United States,1996,406049,Consumer Staples,Farming/Seeds/Milling
CAR,Avis Budget Group Inc. Common Stock,$222.53,-4.04,-1.783%,8783377486.00,United States,,164366,Consumer Discretionary,Rental/Leasing Companies
CARG,CarGurus Inc. Class A Common Stock ,$17.289,-0.011,-0.064%,2056273768.00,United States,2017,653491,,
CASY,Casey's General Stores Inc. Common Stock,$210.64,-1.08,-0.51%,7848156138.00,United States,1983,147290,Miscellaneous,Diversified Commercial Services
CATY,Cathay General Bancorp Common Stock,$41.535,-1.265,-2.956%,3021345242.00,United States,,163933,Finance,Major Banks
CBRL,Cracker Barrel Old Country Store Inc Common Stock,$111.46,0.60,0.541%,2474539287.00,United States,1981,236710,Consumer Discretionary,Restaurants
CBSH,Commerce Bancshares Inc. Common Stock,$63.71,-1.56,-2.39%,7963692661.00,United States,,170359,Finance,Major Banks
CCCS,CCC Intelligent Solutions Holdings Inc. Common Stock,$8.80,-0.08,-0.901%,5462260804.00,United States,,966892,Technology,Computer Software: Prepackaged Software
CCEP,Coca-Cola Europacific Partners plc Ordinary Shares,$54.87,-1.03,-1.843%,25081839035.00,United Kingdom,,348774,Consumer Staples,Beverages (Production/Distribution)
CCOI,Cogent Communications Holdings Inc.,$62.51,-1.45,-2.267%,3001107725.00,United States,,88457,Consumer Discretionary,Telecommunications Equipment
CD,Chindata Group Holdings Limited American Depositary Shares,$6.935,-0.535,-7.162%,2530773502.00,China,2020,876837,Finance,Investment Bankers/Brokers/Service
CDNS,Cadence Design Systems Inc. Common Stock,$194.79,-2.61,-1.322%,53165982600.00,United States,,737197,Technology,Computer Software: Prepackaged Software
CDW,CDW Corporation Common Stock,$199.11,-3.88,-1.911%,26957698426.00,United States,2013,242376,Consumer Discretionary,Catalog/Specialty Distribution
CEG,Constellation Energy Corporation Common Stock ,$77.5077,-1.2923,-1.64%,25355177764.00,United States,,1210254,Utilities,Power Generation
CELH,Celsius Holdings Inc. Common Stock,$88.88,0.49,0.554%,6774895865.00,United States,,705656,Consumer Staples,Beverages (Production/Distribution)
CENT,Central Garden & Pet Company Common Stock,$39.51,0.06,0.152%,2133752919.00,United States,1993,22994,,
CENTA,Central Garden & Pet Company Class A Common Stock Nonvoting,$37.55,0.01,0.027%,2027902357.00,United States,,83541,,
CERE,Cerevel Therapeutics Holdings Inc. Common Stock,$27.12,-0.51,-1.846%,4239467610.00,United States,2020,253520,Health Care,Biotechnology: Pharmaceutical Preparations
CERT,Certara Inc. Common Stock,$21.20,-0.26,-1.212%,3385067536.00,United States,2020,554070,Technology,Retail: Computer Software & Peripheral Equipment
CFLT,Confluent Inc. Class A Common Stock,$25.31,-0.50,-1.937%,7248828596.00,United States,2021,1548501,Technology,EDP Services
CG,The Carlyle Group Inc. Common Stock,$34.34,-0.87,-2.471%,12507280941.00,United States,2012,2088613,Finance,Investment Managers
CGNX,Cognex Corporation Common Stock,$48.55,-0.22,-0.451%,8376634355.00,United States,1989,675832,Industrials,Industrial Machinery/Components
CHDN,Churchill Downs Incorporated Common Stock,$243.98,-1.57,-0.639%,9125649571.00,United States,,79153,Consumer Discretionary,Services-Misc. Amusement & Recreation
CHK,Chesapeake Energy Corporation Common Stock,$79.07,-0.41,-0.516%,10593097724.00,United States,,817174,Energy,Oil & Gas Production
CHKP,Check Point Software Technologies Ltd. Ordinary Shares,$126.586,-0.004,-0.003%,15875317733.00,Israel,1996,259903,Technology,Computer Software: Prepackaged Software
CHRD,Chord Energy Corporation Common Stock,$143.81,0.36,0.251%,5983388197.00,United States,,446871,Energy,Oil & Gas Production
CHRW,C.H. Robinson Worldwide Inc. Common Stock,$100.98,0.50,0.498%,11765223019.00,United States,1997,526859,Consumer Discretionary,Oil Refining/Marketing
CHTR,Charter Communications Inc. Class A Common Stock New,$357.01,-12.10,-3.278%,73151055181.00,United States,,460454,Consumer Discretionary,Telecommunications Equipment
CHX,ChampionX Corporation Common Stock ,$31.42,-1.01,-3.114%,6241169701.00,United States,,1065714,Industrials,Construction/Ag Equipment/Trucks
CIGI,Colliers International Group Inc. Subordinate Voting Shares,$112.195,-0.595,-0.528%,4838342731.00,Canada,,50165,,
CINF,Cincinnati Financial Corporation Common Stock,$117.69,-3.24,-2.679%,18489099000.00,United States,,246314,Finance,Property-Casualty Insurers
CLBK,Columbia Financial Inc. Common Stock,$21.16,-0.26,-1.214%,2305815272.00,United States,2018,75781,Finance,Commercial Banks
CLDX,Celldex Therapeutics Inc.,$45.30,0.29,0.644%,2133622344.00,United States,,150064,Health Care,Biotechnology: In Vitro & In Vivo Diagnostic Substances
CMCSA,Comcast Corporation Class A Common Stock,$36.015,-1.065,-2.872%,151841268653.00,United States,,11620032,Consumer Discretionary,Telecommunications Equipment
CME,CME Group Inc. Class A Common Stock,$182.63,-2.27,-1.228%,65697146008.00,United States,2002,488753,Finance,Investment Bankers/Brokers/Service
CNXC,Concentrix Corporation Common Stock,$135.79,-2.03,-1.473%,7070455485.00,United States,,133803,Technology,Computer Software: Prepackaged Software
COIN,Coinbase Global Inc. Class A Common Stock,$61.93,-0.84,-1.338%,16219467000.00,United States,,13197967,Finance,Investment Bankers/Brokers/Service
COKE,Coca-Cola Consolidated Inc. Common Stock,$542.36,-7.14,-1.299%,5083913966.00,United States,1972,23531,Consumer Staples,Beverages (Production/Distribution)
COLB,Columbia Banking System Inc. Common Stock,$27.425,-0.645,-2.298%,2156869786.00,United States,1992,2161379,Finance,Major Banks
COLM,Columbia Sportswear Company Common Stock,$88.41,-0.06,-0.068%,5491465675.00,United States,1998,151749,Consumer Discretionary,Apparel
COOP,Mr. Cooper Group Inc. Common Stock,$45.07,-1.63,-3.49%,3121838721.00,United States,,246702,Finance,Finance: Consumer Services
CORT,Corcept Therapeutics Incorporated Common Stock,$21.17,-0.03,-0.142%,2278947409.00,United States,2004,607302,Health Care,Biotechnology: Pharmaceutical Preparations
COST,Costco Wholesale Corporation Common Stock,$485.98,2.90,0.60%,215643436915.00,United States,,1807447,Consumer Discretionary,Department/Specialty Retail Stores
CPRT,Copart Inc. (DE) Common Stock,$70.50,-0.07,-0.099%,33579150776.00,United States,1994,902196,Consumer Discretionary,Other Specialty Stores
CROX,Crocs Inc. Common Stock,$124.08,-0.98,-0.784%,7662154907.00,United States,2006,795434,Consumer Discretionary,Shoe Manufacturing
CRSP,CRISPR Therapeutics AG Common Shares,$48.16,-1.17,-2.372%,3770645734.00,Switzerland,2016,446361,Health Care,Biotechnology: Biological Products (No Diagnostic Substances)
CRUS,Cirrus Logic Inc. Common Stock,$102.83,0.04,0.039%,5682094277.00,United States,1989,133068,Technology,Semiconductors
CRVL,CorVel Corp. Common Stock,$177.63,-0.72,-0.404%,3047950506.00,United States,,34700,Finance,Specialty Insurers
CRWD,CrowdStrike Holdings Inc. Class A Common Stock,$124.83,-2.76,-2.163%,29259378054.00,United States,2019,4438789,Technology,EDP Services
CSCO,Cisco Systems Inc. Common Stock (DE),$48.74,-0.68,-1.376%,200228943291.00,United States,1990,7588235,Telecommunications,Computer Communications Equipment
CSGP,CoStar Group Inc. Common Stock,$70.615,-1.255,-1.746%,28718418587.00,United States,1998,802313,Finance,Real Estate
CSIQ,Canadian Solar Inc. Common Shares (ON),$42.44,-0.27,-0.632%,2727568763.00,Canada,2006,391054,,
CSQ,Calamos Strategic Total Return Common Stock,$14.08,-0.25,-1.745%,2237137718.00,United States,2004,97397,Finance,Finance Companies
CSWI,CSW Industrials Inc. Common Stock,$142.33,0.70,0.494%,2202546075.00,United States,,41400,Industrials,Home Furnishings
CSX,CSX Corporation Common Stock,$29.83,-0.71,-2.325%,61527520096.00,United States,,10195817,Industrials,Railroads
CTAS,Cintas Corporation Common Stock,$435.395,-9.195,-2.068%,44245048454.00,United States,1983,129252,Consumer Discretionary,Business Services
CTSH,Cognizant Technology Solutions Corporation Class A Common Stock,$61.36,-1.25,-1.996%,31250317760.00,United States,1998,1018790,Technology,EDP Services
CVBF,CVB Financial Corporation Common Stock,$23.005,-0.725,-3.055%,3216529263.00,United States,,378924,Finance,Major Banks
CVCO,Cavco Industries Inc. Common Stock When Issued,$289.04,-0.38,-0.131%,2512826759.00,United States,,42109,Consumer Discretionary,Homebuilding
CVLT,Commvault Systems Inc. Common Stock,$58.01,-0.77,-1.31%,2584537223.00,United States,2006,97234,Technology,Computer Software: Prepackaged Software
CVT,Cvent Holding Corp. Common Stock,$7.40,0.14,1.928%,3610617620.00,United States,1987,200741,Technology,Computer Software: Prepackaged Software
CWST,Casella Waste Systems Inc. Class A Common Stock,$77.595,-0.725,-0.926%,4011965207.00,United States,1997,101507,Utilities,Environmental Services
CYBR,CyberArk Software Ltd. Ordinary Shares,$148.81,-1.37,-0.912%,6058996918.00,Israel,2014,140622,Technology,Computer Software: Prepackaged Software
CYTK,Cytokinetics Incorporated Common Stock,$40.125,0.995,2.543%,3797068915.00,United States,2004,579219,Health Care,Biotechnology: Pharmaceutical Preparations
CZR,Caesars Entertainment Inc. Common Stock,$52.48,-0.51,-0.962%,11260429190.00,United States,,2212689,Consumer Discretionary,Hotels/Resorts
DADA,Dada Nexus Limited American Depositary Shares,$9.80,-0.41,-4.016%,2504773229.00,China,2020,1241671,Consumer Discretionary,Department/Specialty Retail Stores
DBX,Dropbox Inc. Class A Common Stock,$20.155,-0.225,-1.104%,7310951699.00,United States,2018,1949059,Technology,Computer Software: Prepackaged Software
DCT,Duck Creek Technologies Inc. Common Stock,$18.93,0.02,0.106%,2515573796.00,United States,2020,971741,Technology,Retail: Computer Software & Peripheral Equipment
DDOG,Datadog Inc. Class A Common Stock,$74.70,-1.88,-2.455%,23721719899.00,United States,2019,2096962,Technology,EDP Services
DIOD,Diodes Incorporated Common Stock,$89.38,-1.42,-1.564%,4065605089.00,United States,,44787,Technology,Semiconductors
DISH,DISH Network Corporation Class A Common Stock,$11.395,0.495,4.541%,6047400237.00,United States,1995,7393556,Consumer Discretionary,Telecommunications Equipment
DKNG,DraftKings Inc. Class A Common Stock,$19.515,0.325,1.694%,8813564680.00,United States,2019,9221780,Consumer Discretionary,Services-Misc. Amusement & Recreation
DLO,DLocal Limited Class A Common Shares,$14.415,-0.595,-3.964%,4266625087.00,Uruguay,2021,641661,Consumer Discretionary,Business Services
DLTR,Dollar Tree Inc. Common Stock,$141.89,-2.17,-1.506%,31383865725.00,United States,1995,795081,Consumer Discretionary,Department/Specialty Retail Stores
DNLI,Denali Therapeutics Inc. Common Stock,$26.15,-1.01,-3.719%,3551527418.00,United States,2017,205001,Health Care,Biotechnology: Biological Products (No Diagnostic Substances)
DNUT,Krispy Kreme Inc. Common Stock,$13.555,-0.125,-0.914%,2279097035.00,United States,2021,284769,Consumer Discretionary,Specialty Foods
DOCU,DocuSign Inc. Common Stock,$65.34,1.19,1.855%,13138184830.00,United States,2018,3063901,Technology,EDP Services
DOOO,BRP Inc. (Recreational Products) Common Subordinate Voting Shares,$85.64,-0.55,-0.638%,6743761794.00,Canada,,18658,,
DORM,Dorman Products Inc. Common Stock,$84.28,-0.60,-0.707%,2647957501.00,United States,,68194,Consumer Discretionary,Auto Parts:O.E.M.
DOX,Amdocs Limited Ordinary Shares,$90.075,-0.715,-0.788%,10861964100.00,Guernsey,,325807,Technology,EDP Services
DRS,Leonardo DRS Inc. Common Stock,$13.11,0.03,0.229%,3411054979.00,Israel,,197635,Industrials,Military/Government/Technical
DRVN,Driven Brands Holdings Inc. Common Stock,$28.41,-0.14,-0.49%,4755948975.00,United States,2021,180029,,
DSGX,Descartes Systems Group Inc. (The) Common Stock,$75.66,-0.64,-0.839%,6417329426.00,Canada,,105829,,
DUOL,Duolingo Inc. Class A Common Stock,$122.65,-4.70,-3.691%,4926818243.00,United States,2021,981599,Technology,Computer Software: Prepackaged Software
DXCM,DexCom Inc. Common Stock,$113.85,0.60,0.53%,43993198607.00,United States,2005,1361296,Health Care,Medical Specialities
EA,Electronic Arts Inc. Common Stock,$111.87,-1.32,-1.166%,30677841165.00,United States,,1116721,Consumer Discretionary,Recreational Games/Products/Toys
EBAY,eBay Inc. Common Stock,$44.05,-0.70,-1.564%,23904132782.00,United States,1998,2824523,Consumer Discretionary,Catalog/Specialty Distribution
EBC,Eastern Bankshares Inc. Common Stock,$15.47,-0.52,-3.252%,2725381969.00,United States,2020,437912,Finance,Major Banks
EEFT,Euronet Worldwide Inc. Common Stock,$109.305,-0.955,-0.866%,5420858725.00,United States,1997,77315,Technology,EDP Services
EFSC,Enterprise Financial Services Corporation Common Stock,$53.76,-1.89,-3.396%,2002721280.00,United States,,42991,Finance,Major Banks
ENPH,Enphase Energy Inc. Common Stock,$224.00,-1.35,-0.599%,30575421632.00,United States,2012,2290934,Technology,Electrical Products
ENSG,The Ensign Group Inc. Common Stock,$88.31,-1.96,-2.171%,4921702987.00,United States,2007,174434,Health Care,Hospital/Nursing Management
ENTG,Entegris Inc. Common Stock,$82.4075,-2.2925,-2.707%,12281567481.00,United States,2000,430014,Technology,Semiconductors
EQIX,Equinix Inc. Common Stock REIT,$684.70,-14.73,-2.106%,63502304991.00,United States,2000,112733,Real Estate,Real Estate Investment Trusts
ERIC,Ericsson American Depositary Shares,$5.501,-0.119,-2.117%,18318278808.00,Sweden,,4447923,Technology,Computer Software: Prepackaged Software
ERIE,Erie Indemnity Company Class A Common Stock,$237.69,-2.10,-0.876%,12428778725.00,United States,,38048,Finance,Specialty Insurers
ESGR,Enstar Group Limited Ordinary Shares,$237.01,-0.79,-0.332%,3789993018.00,Bermuda,,9186,Finance,Property-Casualty Insurers
ESLT,Elbit Systems Ltd. Ordinary Shares,$174.00,-1.78,-1.013%,7715999376.00,Israel,,12169,Industrials,Military/Government/Technical
ETSY,Etsy Inc. Common Stock,$120.63,1.85,1.558%,15161781559.00,United States,2015,1497922,Consumer Discretionary,Catalog/Specialty Distribution
EVO,Evotec SE American Depositary Shares,$9.4317,0.0617,0.658%,3337928675.00,Germany,2021,3522,Health Care,Biotechnology: Pharmaceutical Preparations
EVRG,Evergy Inc. Common Stock,$58.34,-0.88,-1.486%,13391152701.00,United States,,580616,Utilities,Power Generation
EWBC,East West Bancorp Inc. Common Stock,$72.695,-1.855,-2.488%,10246214860.00,United States,,337064,Finance,Commercial Banks
EXAS,Exact Sciences Corporation Common Stock,$67.24,0.21,0.313%,11947474782.00,United States,2001,658205,Health Care,Biotechnology: Commercial Physical & Biological Resarch
EXC,Exelon Corporation Common Stock,$40.755,-0.735,-1.772%,40515643073.00,United States,,3070162,Utilities,Power Generation
EXEL,Exelixis Inc. Common Stock,$16.60,0.13,0.789%,5379849794.00,United States,2000,1433244,Health Care,Biotechnology: Commercial Physical & Biological Resarch
EXLS,ExlService Holdings Inc. Common Stock,$162.29,-4.78,-2.861%,5366055719.00,United States,2006,73344,Technology,Retail: Computer Software & Peripheral Equipment
EXPD,Expeditors International of Washington Inc. Common Stock,$109.87,0.07,0.064%,17484314510.00,United States,,777890,Consumer Discretionary,Oil Refining/Marketing
EXPE,Expedia Group Inc. Common Stock,$107.61,-0.94,-0.866%,16501814222.00,United States,,1387055,Consumer Discretionary,Other Consumer Services
EXPO,Exponent Inc. Common Stock,$102.90,-1.54,-1.475%,5210673764.00,United States,,55240,Consumer Discretionary,Professional Services
EXTR,Extreme Networks Inc. Common Stock,$17.425,-0.405,-2.271%,2251003808.00,United States,1999,1009789,Telecommunications,Telecommunications Equipment
FA,First Advantage Corporation Common Stock,$13.51,-0.27,-1.959%,2052567842.00,United States,2021,123470,Consumer Discretionary,Business Services
FANG,Diamondback Energy Inc. Common Stock,$142.31,-1.24,-0.864%,25888832693.00,United States,2012,1880546,Energy,Oil & Gas Production
FAST,Fastenal Company Common Stock,$52.51,-0.85,-1.593%,29974471548.00,United States,1987,1303771,Basic Materials,Construction Materials
FCFS,FirstCash Holdings Inc. Common Stock,$87.78,-1.30,-1.459%,4063613760.00,United States,1991,82980,Miscellaneous,Diversified Commercial Services
FCNCA,First Citizens BancShares Inc. Class A Common Stock,$678.63,-24.08,-3.427%,9844342506.00,United States,,76913,Finance,Major Banks
FELE,Franklin Electric Co. Inc. Common Stock,$93.94,-0.64,-0.677%,4351163178.00,United States,,63652,Consumer Discretionary,Metal Fabrications
FFBC,First Financial Bancorp. Common Stock,$23.31,-0.72,-2.996%,2211911518.00,United States,,113619,Finance,Major Banks
FFIN,First Financial Bankshares Inc. Common Stock,$35.71,-0.12,-0.335%,5094312573.00,United States,,565873,Finance,Major Banks
FFIV,F5 Inc. Common Stock,$144.47,-0.70,-0.482%,8685629150.00,United States,1999,173595,Technology,EDP Services
FGEN,FibroGen Inc Common Stock,$21.32,-0.41,-1.887%,2003177908.00,United States,2014,373147,Health Care,Biotechnology: Pharmaceutical Preparations
FHB,First Hawaiian Inc. Common Stock,$25.68,-0.48,-1.835%,3270690237.00,United States,2016,232948,Finance,Major Banks
FIBK,First Interstate BancSystem Inc. Class A Common Stock,$34.13,-1.04,-2.957%,3564605460.00,United States,2010,252803,Finance,Major Banks
FISV,Fiserv Inc. Common Stock,$117.19,-0.87,-0.737%,74418940226.00,United States,1986,1352843,Consumer Discretionary,Business Services
FITB,Fifth Third Bancorp Common Stock,$34.39,-1.77,-4.895%,23501644540.00,United States,,3241898,Finance,Major Banks
FIVE,Five Below Inc. Common Stock,$203.46,0.16,0.079%,11294815367.00,United States,2012,543911,Consumer Discretionary,Department/Specialty Retail Stores
FIVN,Five9 Inc. Common Stock,$67.25,-0.88,-1.292%,4741487747.00,United States,2014,459389,Technology,EDP Services
FIZZ,National Beverage Corp. Common Stock,$45.795,0.225,0.494%,4275098162.00,United States,,64371,Consumer Staples,Beverages (Production/Distribution)
FLEX,Flex Ltd. Ordinary Shares,$22.855,-0.165,-0.717%,10309456621.00,Singapore,1994,1368074,Technology,Electrical Products
FLNC,Fluence Energy Inc. Class A Common Stock,$20.375,-0.365,-1.76%,3490577049.00,United States,2021,346410,Utilities,Power Generation
FLYW,Flywire Corporation Voting Common Stock,$27.42,-0.38,-1.367%,2988766153.00,United States,2021,492868,Technology,EDP Services
FOCS,Focus Financial Partners Inc. Class A Common Stock,$51.845,0.015,0.029%,3418449950.00,United States,2018,1709164,Finance,Investment Managers
FOLD,Amicus Therapeutics Inc. Common Stock,$12.18,0.06,0.495%,3421913108.00,United States,2007,690484,Health Care,Biotechnology: Pharmaceutical Preparations
FORM,FormFactor Inc. FormFactor Inc. Common Stock,$28.425,-0.625,-2.151%,2189438553.00,United States,2003,206128,Technology,Semiconductors
FOX,Fox Corporation Class B Common Stock,$32.025,-0.045,-0.14%,17119334824.00,United States,,569070,Industrials,Broadcasting
FOXA,Fox Corporation Class A Common Stock,$34.775,-0.025,-0.072%,18589379188.00,United States,,1115232,Industrials,Broadcasting
FOXF,Fox Factory Holding Corp. Common Stock,$120.25,-1.30,-1.07%,5082662426.00,United States,2013,45141,Consumer Discretionary,Auto Parts:O.E.M.
FRHC,Freedom Holding Corp. Common Stock,$74.545,1.575,2.158%,4438574194.00,Kazakhstan,,155018,Finance,Investment Bankers/Brokers/Service
FRME,First Merchants Corporation Common Stock,$39.762,-1.078,-2.64%,2352740721.00,United States,,68723,Finance,Major Banks
FROG,JFrog Ltd. Ordinary Shares,$21.98,-0.29,-1.302%,2218939511.00,United States,2020,216540,Technology,Computer Software: Prepackaged Software
FRPT,Freshpet Inc. Common Stock,$62.565,-0.275,-0.438%,3004375680.00,United States,2014,130341,,
FRSH,Freshworks Inc. Class A Common Stock,$15.48,-0.11,-0.706%,4456952838.00,United States,2021,434890,Technology,EDP Services
FSLR,First Solar Inc. Common Stock,$213.935,1.635,0.77%,22806671175.00,United States,2006,2633416,Technology,Semiconductors
FSV,FirstService Corporation Common Shares,$136.565,-0.495,-0.361%,6038075487.00,Canada,,17830,,
FTAI,FTAI Aviation Ltd. Common Stock,$25.865,-0.365,-1.392%,2577815128.00,United States,,337555,Consumer Discretionary,Diversified Commercial Services
FTDR,Frontdoor Inc. Common Stock,$27.92,-0.77,-2.684%,2275277887.00,United States,,276560,Consumer Discretionary,Other Consumer Services
FTNT,Fortinet Inc. Common Stock,$60.40,-0.91,-1.484%,47621273472.00,United States,2009,2896406,Technology,Security Systems Services
FULT,Fulton Financial Corporation Common Stock,$16.405,-0.575,-3.386%,2749461595.00,United States,,453341,Finance,Major Banks
FUTU,Futu Holdings Limited American Depositary Shares,$49.01,-0.38,-0.769%,6881419801.00,Hong Kong,2019,826751,Finance,Investment Bankers/Brokers/Service
FWONA,Liberty Media Corporation Series A Liberty Formula One Common Stock,$64.625,-1.375,-2.083%,15110751662.00,United States,,79042,Consumer Discretionary,Movies/Entertainment
FWONK,Liberty Media Corporation Series C Liberty Formula One Common Stock,$72.14,-1.54,-2.09%,16867924563.00,United States,,703615,Consumer Discretionary,Movies/Entertainment
FWRD,Forward Air Corporation Common Stock,$106.285,-0.275,-0.258%,2826085946.00,United States,,75871,Consumer Discretionary,Oil Refining/Marketing
FYBR,Frontier Communications Parent Inc. Common Stock,$26.835,-0.425,-1.559%,6574682340.00,United States,,393894,Consumer Discretionary,Telecommunications Equipment
GBDC,Golub Capital BDC Inc. Common Stock,$13.685,-0.105,-0.761%,2338707244.00,United States,2010,331644,Finance,Investment Managers
GDRX,GoodRx Holdings Inc. Class A Common Stock,$5.475,-0.045,-0.815%,2169138531.00,United States,2020,910730,Technology,Retail: Computer Software & Peripheral Equipment
GDS,GDS Holdings Limited ADS,$17.58,-1.91,-9.80%,3349941482.00,China,2016,1516899,Technology,Computer Software: Programming Data Processing
GEHC,GE HealthCare Technologies Inc. Common Stock ,$76.20,-0.48,-0.626%,34648902305.00,United States,,886809,Technology,Computer Software: Prepackaged Software
GEN,Gen Digital Inc. Common Stock,$18.60,-0.67,-3.477%,11887808142.00,United States,,2497780,Technology,Computer Software: Prepackaged Software
GFS,GlobalFoundries Inc. Ordinary Shares,$64.71,-1.48,-2.236%,35271702691.00,United States,2021,728744,Technology,Semiconductors
GH,Guardant Health Inc. Common Stock,$29.79,-0.44,-1.456%,3051573475.00,United States,2018,526668,Health Care,Medical Specialities
GILD,Gilead Sciences Inc. Common Stock,$80.19,-0.92,-1.134%,99996930000.00,United States,1992,3633486,Health Care,Biotechnology: Pharmaceutical Preparations
GLBE,Global-E Online Ltd. Ordinary Shares,$28.02,-0.53,-1.856%,4384275950.00,Israel,2021,765394,Technology,Computer Software: Prepackaged Software
GLNG,Golar Lng Ltd,$22.405,-0.555,-2.417%,2407350035.00,Bermuda,,840350,Energy,Oilfield Services/Equipment
GLPG,Galapagos NV American Depositary Shares,$36.87,-0.29,-0.78%,2427355291.00,Belgium,2015,296500,Health Care,Biotechnology: Pharmaceutical Preparations
GLPI,Gaming and Leisure Properties Inc. Common Stock,$54.01,-0.55,-1.008%,13908489119.00,United States,,396186,Real Estate,Real Estate Investment Trusts
GMAB,Genmab A/S ADS,$35.93,-0.53,-1.454%,23699993179.00,Denmark,2019,358625,Health Care,Biotechnology: Commercial Physical & Biological Resarch
GNTX,Gentex Corporation Common Stock,$28.145,-0.355,-1.246%,6602314499.00,United States,,383997,Consumer Discretionary,Auto Parts:O.E.M.
GO,Grocery Outlet Holding Corp. Common Stock,$26.985,-0.205,-0.754%,2625073194.00,United States,2019,560996,Consumer Discretionary,Specialty Foods
GOGL,Golden Ocean Group Limited Common Stock,$10.045,-0.055,-0.545%,2013254419.00,Bermuda,,942693,Consumer Discretionary,Marine Transportation
GOGO,Gogo Inc. Common Stock,$15.77,-0.18,-1.129%,2007051969.00,United States,2013,168962,Consumer Discretionary,Telecommunications Equipment
GOOG,Alphabet Inc. Class C Capital Stock,$94.0679,-1.5121,-1.582%,1204727595300.00,United States,2004,15515734,Technology,Internet and Information Services
GOOGL,Alphabet Inc. Class A Common Stock,$93.79,-1.34,-1.409%,1201168530000.00,United States,2004,18323023,Technology,Internet and Information Services
GRAB,Grab Holdings Limited Class A Ordinary Shares,$3.15,0.01,0.318%,12131682813.00,Singapore,,8272849,Consumer Discretionary,Business Services
GRFS,Grifols S.A. American Depositary Shares,$8.0399,-0.2201,-2.665%,5458374089.00,Spain,,629689,Health Care,Biotechnology: Pharmaceutical Preparations
GT,The Goodyear Tire & Rubber Company Common Stock,$11.555,-0.165,-1.408%,3270192741.00,United States,,1852519,Consumer Discretionary,Automotive Aftermarket
GTLB,GitLab Inc. Class A Common Stock,$50.98,-0.21,-0.41%,7631706000.00,United States,2021,708185,Technology,EDP Services
HALO,Halozyme Therapeutics Inc. Common Stock,$43.91,-1.57,-3.452%,5937205377.00,United States,,1010446,Health Care,Biotechnology: Biological Products (No Diagnostic Substances)
HAS,Hasbro Inc. Common Stock,$52.30,-1.88,-3.47%,7223347661.00,United States,,917646,Consumer Discretionary,Recreational Games/Products/Toys
HBAN,Huntington Bancshares Incorporated Common Stock,$14.4699,-0.7101,-4.678%,20880310010.00,United States,,10541753,Finance,Major Banks
HCM,HUTCHMED (China) Limited American Depositary Shares,$16.71,-0.28,-1.648%,2890079186.00,Hong Kong,2016,335147,Health Care,Biotechnology: Pharmaceutical Preparations
HCP,HashiCorp Inc. Class A Common Stock,$31.78,-0.68,-2.095%,5973629523.00,United States,2021,479208,Technology,EDP Services
HEES,H&E Equipment Services Inc. Common Stock,$55.15,-0.27,-0.487%,2002506979.00,United States,2006,112404,Consumer Discretionary,Engineering & Construction
HELE,Helen of Troy Limited Common Stock,$114.5375,0.2925,0.256%,2748015541.00,Bermuda,,190124,Consumer Discretionary,Home Furnishings
HLNE,Hamilton Lane Incorporated Class A Common Stock,$75.94,-2.00,-2.566%,2875732827.00,United States,2017,195209,Finance,Investment Managers
HOLX,Hologic Inc. Common Stock,$78.925,-1.325,-1.651%,19459276502.00,United States,1990,464832,Health Care,Medical Electronics
HON,Honeywell International Inc. Common Stock,$195.14,-1.90,-0.964%,130380888775.00,United States,,1461172,Industrials,Consumer Electronics/Appliances
HOOD,Robinhood Markets Inc. Class A Common Stock,$9.54,-0.18,-1.852%,8516849987.00,United States,2021,4509005,Technology,Computer Software: Prepackaged Software
HPK,HighPeak Energy Inc. Common Stock,$26.86,-1.40,-4.954%,3039553533.00,United States,,278414,Energy,Oil & Gas Production
HQY,HealthEquity Inc. Common Stock,$67.47,1.47,2.227%,5710649263.00,United States,2014,480217,Health Care,Managed Health Care
HRMY,Harmony Biosciences Holdings Inc. Common Stock,$43.085,-0.225,-0.52%,2555696814.00,United States,2020,228283,Health Care,Biotechnology: Pharmaceutical Preparations
HSAI,Hesai Group American Depositary Share each ADS represents one Class B ordinary share,$18.425,-0.565,-2.975%,2312974876.00,China,2023,306795,,
HSIC,Henry Schein Inc. Common Stock,$78.05,-0.51,-0.649%,10246678346.00,United States,1995,303775,Health Care,Medical Specialities
HST,Host Hotels & Resorts Inc. Common Stock,$16.83,-0.12,-0.708%,12006522000.00,United States,,2322756,Real Estate,Real Estate Investment Trusts
HTHT,H World Group Limited American Depositary Shares,$51.00,-0.85,-1.639%,16237598790.00,China,2010,657337,Consumer Discretionary,Hotels/Resorts
HTLF,Heartland Financial USA Inc. Common Stock,$47.645,-0.955,-1.965%,2023358987.00,United States,,56914,Finance,Major Banks
HTZ,Hertz Global Holdings Inc Common Stock,$19.615,0.025,0.128%,6324042374.00,United States,,2049979,Consumer Discretionary,Rental/Leasing Companies
HUBG,Hub Group Inc. Class A Common Stock,$90.42,-1.48,-1.61%,3003890200.00,United States,1996,129537,Consumer Discretionary,Oil Refining/Marketing
HWC,Hancock Whitney Corporation Common Stock,$47.16,-2.05,-4.166%,4052977560.00,United States,,480603,Finance,Major Banks
HZNP,Horizon Therapeutics Public Limited Company Ordinary Shares,$110.00,0.20,0.182%,25123056310.00,Ireland,2011,812041,Health Care,Biotechnology: Pharmaceutical Preparations
IAC,IAC Inc. Common Stock,$52.46,-1.52,-2.816%,4663694000.00,United States,,402697,Consumer Discretionary,EDP Services
IART,Integra LifeSciences Holdings Corporation Common Stock,$54.185,-0.385,-0.706%,4525431662.00,United States,,317519,Health Care,Medical/Dental Instruments
IBKR,Interactive Brokers Group Inc. Class A Common Stock,$88.305,0.135,0.153%,9084129621.00,United States,2019,331276,Finance,Investment Bankers/Brokers/Service
IBOC,International Bancshares Corporation Common Stock,$47.915,-1.035,-2.114%,2976183014.00,United States,,96473,Finance,Major Banks
IBTX,Independent Bank Group Inc Common Stock,$55.47,-0.94,-1.666%,2284846853.00,United States,2013,96027,Finance,Major Banks
ICFI,ICF International Inc. Common Stock,$111.40,-2.84,-2.486%,2099209903.00,United States,2006,74286,Consumer Discretionary,Professional Services
ICLR,ICON plc Ordinary Shares,$229.74,-5.92,-2.512%,18757186397.00,Ireland,1998,174746,Health Care,Biotechnology: Commercial Physical & Biological Resarch
ICUI,ICU Medical Inc. Common Stock,$158.625,-2.625,-1.628%,3804079397.00,United States,1992,110373,Health Care,Medical/Dental Instruments
IDCC,InterDigital Inc. Common Stock,$72.475,-0.505,-0.692%,2150191489.00,United States,,111138,Telecommunications,Telecommunications Equipment
IDXX,IDEXX Laboratories Inc. Common Stock,$474.16,-12.00,-2.468%,39309462393.00,United States,1991,130008,Health Care,Biotechnology: In Vitro & In Vivo Diagnostic Substances
IEP,Icahn Enterprises L.P. Common Stock,$54.185,0.015,0.028%,18286026035.00,United States,,450935,Energy,Integrated oil Companies
ILMN,Illumina Inc. Common Stock,$208.14,-7.49,-3.474%,32886120000.00,United States,2000,614026,Health Care,Medical Specialities
IMCR,Immunocore Holdings plc American Depositary Shares,$52.38,0.30,0.576%,2509261752.00,United Kingdom,2021,126876,Health Care,Biotechnology: Biological Products (No Diagnostic Substances)
INCY,Incyte Corp. Common Stock,$74.21,-1.64,-2.162%,16546233986.00,United States,,637075,Health Care,Biotechnology: Commercial Physical & Biological Resarch
INDB,Independent Bank Corp. Common Stock,$75.72,-1.65,-2.133%,3455954541.00,United States,,126818,Finance,Major Banks
INMD,InMode Ltd. Ordinary Shares,$34.315,-0.705,-2.013%,2850578517.00,Israel,2019,372255,Health Care,Biotechnology: Electromedical & Electrotherapeutic Apparatus
INSM,Insmed Incorporated Common Stock,$20.00,-0.55,-2.676%,2709536180.00,United States,,369166,Health Care,Biotechnology: Pharmaceutical Preparations
INTA,Intapp Inc. Common Stock,$41.58,0.70,1.712%,2650800010.00,United States,2021,199162,Technology,Computer Software: Prepackaged Software
INTC,Intel Corporation Common Stock,$25.55,-0.44,-1.693%,105700350000.00,United States,,21750144,Technology,Semiconductors
INTU,Intuit Inc. Common Stock,$410.375,-2.335,-0.566%,115284740506.00,United States,1993,703680,Technology,Computer Software: Prepackaged Software
IONS,Ionis Pharmaceuticals Inc. Common Stock,$35.765,-0.485,-1.338%,5080430267.00,United States,,226188,Health Care,Biotechnology: Pharmaceutical Preparations
IOSP,Innospec Inc. Common Stock,$105.55,-0.15,-0.142%,5227864479.00,United States,,66872,Industrials,Industrial Specialties
IPAR,Inter Parfums Inc. Common Stock,$137.82,-0.57,-0.412%,4393098638.00,United States,,96587,Consumer Discretionary,Package Goods/Cosmetics
IPGP,IPG Photonics Corporation Common Stock,$120.55,-1.83,-1.495%,5803066881.00,United States,2006,126258,Technology,Semiconductors
IQ,iQIYI Inc. American Depositary Shares,$7.615,0.025,0.329%,7206216672.00,China,2018,8027512,Technology,Internet and Information Services
IRDM,Iridium Communications Inc Common Stock,$60.97,-0.08,-0.131%,7680191101.00,United States,,237648,Consumer Discretionary,Telecommunications Equipment
IRTC,iRhythm Technologies Inc. Common Stock,$117.645,0.215,0.183%,3542394242.00,United States,2016,271325,Health Care,Medical/Dental Instruments
ISEE,IVERIC bio Inc. Common Stock,$24.06,0.98,4.246%,3225791616.00,United States,2013,1246711,Health Care,Biotechnology: Pharmaceutical Preparations
ISRG,Intuitive Surgical Inc. Common Stock,$230.29,-4.56,-1.942%,80691239177.00,United States,2000,701882,Health Care,Medical/Dental Instruments
ITCI,Intra-Cellular Therapies Inc. Common Stock,$46.345,-1.245,-2.616%,4389105728.00,United States,,263232,Health Care,Biotechnology: Pharmaceutical Preparations
ITRI,Itron Inc. Common Stock,$54.05,-1.12,-2.03%,2441870522.00,United States,1993,94195,Industrials,Electrical Products
JAMF,Jamf Holding Corp. Common Stock,$20.49,-1.01,-4.698%,2487226535.00,United States,2020,222813,Technology,Computer Software: Prepackaged Software
JAZZ,Jazz Pharmaceuticals plc Common Stock (Ireland),$137.22,-5.56,-3.894%,8640238430.00,Ireland,2007,642166,Health Care,Biotechnology: Pharmaceutical Preparations
JBHT,J.B. Hunt Transport Services Inc. Common Stock,$180.50,-4.98,-2.685%,18725611500.00,United States,,320030,Industrials,Trucking Freight/Courier Services
JBLU,JetBlue Airways Corporation Common Stock,$8.16,-0.24,-2.857%,2642841330.00,United States,2002,5235858,Consumer Discretionary,Air Freight/Delivery Services
JD,JD.com Inc. American Depositary Shares,$46.565,-1.355,-2.828%,72897507500.00,China,2014,4499366,Consumer Discretionary,Catalog/Specialty Distribution
JJSF,J & J Snack Foods Corp. Common Stock,$139.185,-1.005,-0.717%,2676434296.00,United States,1986,53813,Consumer Staples,Specialty Foods
JKHY,Jack Henry & Associates Inc. Common Stock,$163.12,-1.07,-0.652%,11906247388.00,United States,1985,216326,Technology,Retail: Computer Software & Peripheral Equipment
KDP,Keurig Dr Pepper Inc. Common Stock,$34.70,-0.12,-0.345%,49143920353.00,United States,,3730794,Consumer Staples,Beverages (Production/Distribution)
KHC,The Kraft Heinz Company Common Stock,$38.57,-0.42,-1.077%,47248380251.00,United States,,2746691,Consumer Staples,Farming/Seeds/Milling
KLAC,KLA Corporation Common Stock,$374.195,-5.475,-1.442%,51818435290.00,United States,1980,312641,Technology,Electronic Components
KLIC,Kulicke and Soffa Industries Inc. Common Stock,$51.37,-1.25,-2.376%,2912056344.00,Singapore,,177724,Technology,Semiconductors
KRTX,Karuna Therapeutics Inc. Common Stock,$195.22,-2.60,-1.314%,6708301326.00,United States,2019,143612,Health Care,Biotechnology: Pharmaceutical Preparations
KRYS,Krystal Biotech Inc. Common Stock,$79.00,2.09,2.717%,2034064113.00,United States,2017,110687,Health Care,Biotechnology: Biological Products (No Diagnostic Substances)
LAMR,Lamar Advertising Company Class A Common Stock,$104.07,-1.01,-0.961%,10582198723.00,United States,1996,148947,Real Estate,Real Estate Investment Trusts
LANC,Lancaster Colony Corporation Common Stock,$189.655,-0.845,-0.444%,5228978005.00,United States,,32159,Consumer Staples,Packaged Foods
LAZR,Luminar Technologies Inc.  Class A Common Stock,$9.29,-0.60,-6.067%,3370020436.00,United States,2019,9395587,Consumer Discretionary,Auto Parts:O.E.M.
LBRDA,Liberty Broadband Corporation Class A Common Stock,$83.57,-3.38,-3.887%,12226255483.00,United States,,40505,Consumer Discretionary,Telecommunications Equipment
LBRDK,Liberty Broadband Corporation Class C Common Stock,$83.51,-3.27,-3.768%,12217477508.00,United States,,206744,Consumer Discretionary,Telecommunications Equipment
LBTYA,Liberty Global plc Class A Ordinary Shares,$19.46,-0.56,-2.797%,8946790500.00,United Kingdom,,575060,Telecommunications,Cable & Other Pay Television Services
LBTYB,Liberty Global plc Class B Ordinary Shares,$21.46,0.00,0.00%,9866296204.00,United Kingdom,,103,Telecommunications,Cable & Other Pay Television Services
LBTYK,Liberty Global plc Class C Ordinary Shares,$20.305,-0.585,-2.80%,9335281660.00,United Kingdom,,837897,Telecommunications,Cable & Other Pay Television Services
LCID,Lucid Group Inc. Common Stock,$8.385,-0.435,-4.932%,15330381052.00,United States,,12408556,Consumer Discretionary,Auto Manufacturing
LECO,Lincoln Electric Holdings Inc. Common Shares,$170.33,-0.41,-0.24%,9834581672.00,United States,,192866,Industrials,Industrial Machinery/Components
LEGN,Legend Biotech Corporation American Depositary Shares,$46.055,-0.705,-1.508%,7709735586.00,United States,2020,171532,Health Care,Biotechnology: Pharmaceutical Preparations
LESL,Leslie's Inc. Common Stock,$12.675,0.145,1.157%,2327896267.00,United States,2020,1140395,Miscellaneous,Diversified Commercial Services
LFUS,Littelfuse Inc. Common Stock,$261.74,-7.33,-2.724%,6484304096.00,United States,,18782,Technology,Electronic Components
LGIH,LGI Homes Inc. Common Stock,$101.92,-1.27,-1.231%,2373745949.00,United States,2013,119022,Consumer Discretionary,Homebuilding
LI,Li Auto Inc. American Depositary Shares,$23.465,-1.535,-6.14%,22896021877.00,China,2020,4866018,Consumer Discretionary,Auto Manufacturing
LIFW,MSP Recovery Inc. Class A Common Stock,$1.08,0.02,1.887%,3480365579.00,United States,2020,21268,Technology,Computer Software: Prepackaged Software
LITE,Lumentum Holdings Inc. Common Stock,$51.61,-1.52,-2.861%,3535285000.00,United States,,551542,Technology,Computer peripheral equipment
LIVN,LivaNova PLC Ordinary Shares,$44.25,-1.15,-2.533%,2368379608.00,United Kingdom,,409205,Health Care,Biotechnology: Electromedical & Electrotherapeutic Apparatus
LKQ,LKQ Corporation Common Stock,$57.715,0.175,0.304%,15420004259.00,United States,2003,1587629,Consumer Discretionary,Automotive Aftermarket
LNT,Alliant Energy Corporation Common Stock,$50.97,-0.99,-1.905%,12794582675.00,United States,,593313,Utilities,Power Generation
LNTH,Lantheus Holdings Inc. Common Stock,$72.123,-0.877,-1.201%,4964376683.00,United States,2015,393928,Health Care,Biotechnology: Pharmaceutical Preparations
LNW,Light & Wonder Inc. Common Stock,$62.475,-0.015,-0.024%,5852257473.00,United States,,134835,Consumer Discretionary,Movies/Entertainment
LOGI,Logitech International S.A. Ordinary Shares,$51.575,-1.805,-3.381%,8267679316.00,United States,1997,286648,Technology,Computer peripheral equipment
LOPE,Grand Canyon Education Inc. Common Stock,$111.96,0.08,0.072%,3475172008.00,United States,2008,79274,Consumer Discretionary,Service to the Health Industry
LPLA,LPL Financial Holdings Inc. Common Stock,$254.14,0.71,0.28%,20140086466.00,United States,2010,302577,Finance,Investment Bankers/Brokers/Service
LRCX,Lam Research Corporation Common Stock,$479.79,-5.43,-1.119%,64741043716.00,United States,1984,554079,Technology,Industrial Machinery/Components
LSCC,Lattice Semiconductor Corporation Common Stock,$87.96,-0.52,-0.588%,12084157575.00,United States,,533138,Technology,Semiconductors
LSTR,Landstar System Inc. Common Stock,$179.57,-1.14,-0.631%,6451413186.00,United States,1993,91519,Industrials,Trucking Freight/Courier Services
LSXMA,Liberty Media Corporation Series A Liberty SiriusXM Common Stock,$30.065,-1.375,-4.373%,9815082676.00,United States,,1119004,Consumer Discretionary,Broadcasting
LSXMB,Liberty Media Corporation Series B Liberty SiriusXM Common Stock,$32.00,-1.376,-4.123%,10446786816.00,United States,,310,Consumer Discretionary,Broadcasting
LSXMK,Liberty Media Corporation Series C Liberty SiriusXM Common Stock,$29.96,-1.33,-4.251%,9780804156.00,United States,,1062224,Consumer Discretionary,Broadcasting
LTRPB,Liberty TripAdvisor Holdings Inc. Series B Common Stock,$26.50,0.00,0.00%,2014305572.00,United States,,17,Technology,Interactive Media
LULU,lululemon athletica inc. Common Stock,$304.34,-0.26,-0.085%,38807835059.00,Canada,2007,1294779,Consumer Discretionary,Department/Specialty Retail Stores
LYFT,Lyft Inc. Class A Common Stock,$9.885,0.135,1.385%,3658982056.00,United States,2019,11009741,Technology,EDP Services
MANH,Manhattan Associates Inc. Common Stock,$143.52,-2.47,-1.692%,8969421758.00,United States,1998,113879,Technology,Computer Software: Prepackaged Software
MAR,Marriott International Class A Common Stock,$173.68,-1.44,-0.822%,53514482895.00,United States,,791843,Consumer Discretionary,Hotels/Resorts
MASI,Masimo Corporation Common Stock,$177.155,-3.855,-2.13%,9312092874.00,United States,2007,163746,Health Care,Medical/Dental Instruments
MAT,Mattel Inc. Common Stock,$17.39,-0.34,-1.918%,6163042746.00,United States,,1849412,Consumer Discretionary,Recreational Games/Products/Toys
MBLY,Mobileye Global Inc. Class A Common Stock,$41.285,-0.165,-0.398%,33106932998.00,Israel,2022,983125,Consumer Discretionary,Automotive Aftermarket
MCHP,Microchip Technology Incorporated Common Stock,$81.86,-0.11,-0.134%,44842572128.00,United States,1993,2386094,Technology,Semiconductors
MDB,MongoDB Inc. Class A Common Stock,$222.0725,2.1825,0.993%,15386461938.00,United States,2017,1127091,Technology,Retail: Computer Software & Peripheral Equipment
MDGL,Madrigal Pharmaceuticals Inc. Common Stock,$268.60,-2.33,-0.86%,4792440437.00,United States,2007,237257,Health Care,Biotechnology: Pharmaceutical Preparations
MDLZ,Mondelez International Inc. Class A Common Stock,$64.72,-0.96,-1.462%,88233219267.00,United States,,2755246,Consumer Staples,Meat/Poultry/Fish
MEDP,Medpace Holdings Inc. Common Stock,$198.98,-1.59,-0.793%,6178360837.00,United States,2016,64362,Health Care,Biotechnology: Commercial Physical & Biological Resarch
MELI,MercadoLibre Inc. Common Stock,$1258.00,1.74,0.139%,63270975394.00,Argentina,2007,321845,Consumer Discretionary,Catalog/Specialty Distribution
MEOH,Methanex Corporation Common Stock,$50.8688,-1.2012,-2.307%,3512192600.00,Canada,,230659,,
META,Meta Platforms Inc. Class A Common Stock,$184.755,-0.145,-0.078%,479003119691.00,United States,2012,26451567,Technology,Internet and Information Services
MGEE,MGE Energy Inc,$69.50,-2.45,-3.405%,2513354215.00,United States,,47709,Utilities,Power Generation
MGPI,MGP Ingredients Inc.,$96.69,-2.41,-2.432%,2126603341.00,United States,,88912,Consumer Staples,Beverages (Production/Distribution)
MGRC,McGrath RentCorp Common Stock,$98.86,-0.86,-0.862%,2410448513.00,United States,1984,41741,Consumer Discretionary,Diversified Commercial Services
MIDD,Middleby Corporation (The) Common Stock,$154.435,-1.685,-1.079%,8321501720.00,United States,,242820,Industrials,Diversified Manufacture
MKSI,MKS Instruments Inc. Common Stock,$91.39,-1.69,-1.816%,6078053710.00,United States,1999,356139,Industrials,Industrial Machinery/Components
MKTX,MarketAxess Holdings Inc. Common Stock,$359.19,-7.73,-2.107%,13518770453.00,United States,2004,133968,Finance,Investment Bankers/Brokers/Service
MLCO,Melco Resorts & Entertainment Limited American Depositary Shares,$13.335,-0.305,-2.236%,5935259455.00,Hong Kong,2006,1604674,Consumer Discretionary,Hotels/Resorts
MMSI,Merit Medical Systems Inc. Common Stock,$65.895,-1.055,-1.576%,3750704192.00,United States,,141239,Health Care,Medical/Dental Instruments
MMYT,MakeMyTrip Limited Ordinary Shares,$25.555,-0.285,-1.103%,2690275843.00,India,2010,80407,Technology,Internet and Information Services
MNDY,monday.com Ltd. Ordinary Shares,$143.13,-4.26,-2.89%,6453059991.00,Israel,2021,685305,Technology,Computer Software: Prepackaged Software
MNST,Monster Beverage Corporation,$103.05,-0.93,-0.894%,53805007631.00,United States,,672107,Consumer Staples,Beverages (Production/Distribution)
MORN,Morningstar Inc. Common Stock,$207.12,-3.02,-1.437%,8791454459.00,United States,2005,50410,Finance,Advertising
MPWR,Monolithic Power Systems Inc. Common Stock,$493.02,-4.19,-0.843%,23224693140.00,United States,2004,90414,Technology,Semiconductors
MQ,Marqeta Inc. Class A Common Stock,$4.715,-0.325,-6.448%,2570158830.00,United States,2021,3364575,Technology,EDP Services
MRCY,Mercury Systems Inc Common Stock,$52.32,-0.64,-1.208%,3040204700.00,United States,1998,128257,,
MRNA,Moderna Inc. Common Stock,$141.34,-2.69,-1.868%,54300067488.00,United States,2018,1753145,Health Care,Biotechnology: Biological Products (No Diagnostic Substances)
MRTX,Mirati Therapeutics Inc. Common Stock,$42.31,0.72,1.731%,2436500935.00,United States,,508992,Health Care,Biotechnology: Pharmaceutical Preparations
MRVI,Maravai LifeSciences Holdings Inc. Class A Common Stock,$15.61,-0.16,-1.015%,2053333812.00,United States,2020,1339826,Health Care,Biotechnology: Pharmaceutical Preparations
MRVL,Marvell Technology Inc. Common Stock,$41.065,-1.205,-2.851%,35036658000.00,United States,2000,8744400,Technology,Semiconductors
MSFT,Microsoft Corporation Common Stock,$254.19,-2.68,-1.043%,1892140420053.00,United States,1986,13754170,Technology,Computer Software: Prepackaged Software
MSTR,MicroStrategy Incorporated Common Stock Class A,$234.66,-2.79,-1.175%,2710031318.00,United States,1998,357421,Technology,Computer Software: Prepackaged Software
MTCH,Match Group Inc. Common Stock,$38.82,-0.75,-1.895%,10842663035.00,United States,,2926591,Technology,Computer Software: Programming Data Processing
MTSI,MACOM Technology Solutions Holdings Inc. Common Stock,$70.48,0.03,0.043%,4985397796.00,United States,2012,578132,Technology,Semiconductors
MU,Micron Technology Inc. Common Stock,$55.595,-1.235,-2.173%,60663960408.00,United States,,8670614,Technology,Semiconductors
MXL,MaxLinear Inc. Common Stock,$34.355,-0.455,-1.307%,2705313745.00,United States,2010,123571,Technology,Semiconductors
NARI,Inari Medical Inc. Common Stock,$54.62,-1.40,-2.499%,2930518667.00,United States,2020,317364,Health Care,Biotechnology: Electromedical & Electrotherapeutic Apparatus
NATI,National Instruments Corporation Common Stock,$50.88,0.05,0.098%,6643327264.00,United States,1995,434218,Technology,Computer Software: Prepackaged Software
NAVI,Navient Corporation Common Stock,$17.655,-0.405,-2.243%,2295150000.00,United States,,352558,Finance,Finance: Consumer Services
NBIX,Neurocrine Biosciences Inc. Common Stock,$98.595,-2.135,-2.12%,9523085085.00,United States,1996,318365,Health Care,Biotechnology: Biological Products (No Diagnostic Substances)
NCNO,nCino Inc. Common Stock,$26.50,-0.37,-1.377%,2942414860.00,United States,2020,172346,Technology,Computer Software: Prepackaged Software
NDAQ,Nasdaq Inc. Common Stock,$55.12,-0.95,-1.694%,27231116709.00,United States,,994569,Finance,Investment Bankers/Brokers/Service
NDSN,Nordson Corporation Common Stock,$219.6579,-1.3621,-0.616%,12559749433.00,United States,,133105,Industrials,Industrial Machinery/Components
NEO,NeoGenomics Inc. Common Stock,$18.12,0.61,3.484%,2288615089.00,United States,,1143580,Health Care,Precision Instruments
NEOG,Neogen Corporation Common Stock,$18.345,-0.115,-0.623%,3965350322.00,United States,1989,467106,Health Care,Biotechnology: In Vitro & In Vivo Diagnostic Substances
NFE,New Fortress Energy Inc. Class A Common Stock,$34.62,-0.17,-0.489%,7227620447.00,United States,2019,866354,Utilities,Oil/Gas Transmission
NFLX,Netflix Inc. Common Stock,$309.42,-2.61,-0.836%,137799199430.00,United States,2002,3267481,Consumer Discretionary,Consumer Electronics/Video Chains
NICE,NICE Ltd American Depositary Shares,$209.99,-2.31,-1.088%,13341008244.00,Israel,,81124,Technology,Computer Manufacturing
NOVT,Novanta Inc. Common Stock,$146.36,-4.69,-3.105%,5223619136.00,United States,,73579,,
NSIT,Insight Enterprises Inc. Common Stock,$135.03,-1.18,-0.866%,4565035502.00,United States,1995,123906,Technology,EDP Services
NTAP,NetApp Inc. Common Stock,$63.90,-1.46,-2.234%,13775137512.00,United States,1995,644902,Technology,Electronic Components
NTES,NetEase Inc. American Depositary Shares,$83.72,-2.74,-3.169%,54987141453.00,China,,1429555,Consumer Discretionary,Recreational Games/Products/Toys
NTLA,Intellia Therapeutics Inc. Common Stock,$40.54,0.46,1.148%,3495228667.00,United States,2016,416702,Health Care,Biotechnology: In Vitro & In Vivo Diagnostic Substances
NTNX,Nutanix Inc. Class A Common Stock,$26.67,-2.10,-7.299%,6137049595.00,United States,2016,4582592,Technology,EDP Services
NTRA,Natera Inc. Common Stock,$58.24,1.51,2.662%,6350074407.00,United States,2015,580672,Health Care,Medical Specialities
NTRS,Northern Trust Corporation Common Stock,$92.00,-3.31,-3.473%,19175376000.00,United States,,1029054,Finance,Trusts Except Educational Religious and Charitable
NUVA,NuVasive Inc. Common Stock,$42.78,-1.45,-3.278%,2232778851.00,United States,2004,315019,Health Care,Medical/Dental Instruments
NVCR,NovoCure Limited Ordinary Shares,$74.725,-0.905,-1.197%,7842394877.00,Jersey,2015,226998,Health Care,Medical/Dental Instruments
NVDA,NVIDIA Corporation Common Stock,$234.21,-1.29,-0.548%,576156600000.00,United States,1999,40745446,Technology,Semiconductors
NVEI,Nuvei Corporation Subordinate Voting Shares,$32.70,-0.49,-1.476%,4674377201.00,Canada,,317382,,
NVMI,Nova Ltd. Ordinary Shares,$91.695,-0.745,-0.806%,2621218578.00,Israel,2000,56218,Technology,Electronic Components
NWE,NorthWestern Corporation Common Stock,$56.63,-1.01,-1.752%,3384674412.00,United States,,131976,Utilities,Power Generation
NWL,Newell Brands Inc. Common Stock,$13.305,-0.175,-1.298%,5502948000.00,United States,,3315456,Industrials,Plastic Products
NWS,News Corporation Class B Common Stock,$17.05,-0.14,-0.814%,9814070672.00,United States,,557110,Consumer Discretionary,Movies/Entertainment
NWSA,News Corporation Class A Common Stock,$16.925,-0.105,-0.617%,9742120007.00,United States,,1334060,Consumer Discretionary,Movies/Entertainment
NWTN,NWTN Inc. Class B Ordinary Shares,$10.85,-0.25,-2.252%,3099152683.00,United Arab Emirates,,8138,,
NXPI,NXP Semiconductors N.V. Common Stock,$176.935,-3.005,-1.67%,45850026808.00,Netherlands,2010,581942,Technology,Semiconductors
NXST,Nexstar Media Group Inc. Common Stock,$176.025,-3.365,-1.876%,6637628679.00,United States,2003,221275,Consumer Discretionary,Movies/Entertainment
ODFL,Old Dominion Freight Line Inc. Common Stock,$349.90,-3.05,-0.864%,38657519538.00,United States,1991,359343,Industrials,Trucking Freight/Courier Services
ODP,The ODP Corporation Common Stock,$48.75,0.00,0.00%,2233269821.00,United States,,144019,Miscellaneous,Diversified Commercial Services
OKTA,Okta Inc. Class A Common Stock,$86.52,2.37,2.816%,13859047522.00,United States,2017,1860242,Technology,EDP Services
OLED,Universal Display Corporation Common Stock,$138.81,-1.81,-1.287%,6556906477.00,United States,,136476,Technology,Industrial Machinery/Components
OLK,Olink Holding AB (publ) American Depositary Shares,$23.51,-0.60,-2.489%,2799996754.00,Sweden,2021,46488,Industrials,Biotechnology: Laboratory Analytical Instruments
OLLI,Ollie's Bargain Outlet Holdings Inc. Common Stock,$55.45,0.18,0.326%,3451153271.00,United States,2015,396347,Consumer Discretionary,Department/Specialty Retail Stores
OLPX,Olaplex Holdings Inc. Common Stock,$4.27,0.01,0.235%,2772004296.00,United States,2021,2484021,Miscellaneous,Diversified Commercial Services
OMAB,Grupo Aeroportuario del Centro Norte S.A.B. de C.V. ADS,$80.61,-0.49,-0.604%,3891139659.00,Mexico,2006,21372,Consumer Discretionary,Aerospace
OMCL,Omnicell Inc. Common Stock ($0.001 par value),$54.15,-0.57,-1.042%,2417788944.00,United States,2001,108569,Health Care,Managed Health Care
ON,ON Semiconductor Corporation Common Stock,$78.205,0.795,1.027%,33782050167.00,United States,,3766275,Technology,Semiconductors
ONB,Old National Bancorp Common Stock,$16.835,-0.385,-2.236%,4931022005.00,United States,,808478,Finance,Major Banks
OPCH,Option Care Health Inc. Common Stock,$32.185,-0.365,-1.121%,5854481432.00,United States,,718892,Health Care,Medical/Nursing Services
ORLY,O'Reilly Automotive Inc. Common Stock,$827.39,-12.05,-1.435%,51590431523.00,United States,1993,167571,Consumer Discretionary,Auto & Home Supply Stores
OTEX,Open Text Corporation Common Shares,$34.825,-0.435,-1.234%,9418878119.00,Canada,1996,330247,,
OTTR,Otter Tail Corporation Common Stock,$71.13,-0.78,-1.085%,2961267302.00,United States,,145263,Utilities,Electric Utilities: Central
OZK,Bank OZK Common Stock,$42.415,-1.605,-3.646%,4986376494.00,United States,,488852,Finance,Major Banks
PAA,Plains All American Pipeline L.P. Common Units representing Limited Partner Interests,$13.24,-0.10,-0.75%,9245924749.00,United States,1998,2046558,Energy,Oil & Gas Production
PAAS,Pan American Silver Corp. Common Stock,$15.04,-1.11,-6.873%,3168748468.00,Canada,,3403255,,
PACB,Pacific Biosciences of California Inc. Common Stock,$9.045,-0.115,-1.255%,2227189017.00,United States,2010,1629972,Health Care,Biotechnology: Electromedical & Electrotherapeutic Apparatus
PACW,PacWest Bancorp Common Stock,$26.855,-0.545,-1.989%,3228563341.00,United States,,803121,Finance,Major Banks
PAGP,Plains GP Holdings L.P. Class A Units representing Limited Partner Interests,$13.735,-0.205,-1.471%,2668519117.00,United States,,1027372,Energy,Oil & Gas Production
PANW,Palo Alto Networks Inc. Common Stock,$187.57,-0.34,-0.181%,56713088797.00,United States,,1821767,Technology,EDP Services
PARA,Paramount Global Class B Common Stock,$21.655,-0.385,-1.747%,14086942452.00,United States,,3777858,Consumer Discretionary,Movies/Entertainment
PARAA,Paramount Global Class A Common Stock,$25.00,-0.35,-1.381%,16262921325.00,United States,,13009,Consumer Discretionary,Movies/Entertainment
PAX,Patria Investments Limited Class A Common Shares,$15.55,-0.23,-1.458%,2288850062.00,Cayman Islands,2021,59240,Finance,Investment Managers
PAYO,Payoneer Global Inc. Common Stock,$6.845,0.055,0.81%,2397075788.00,United States,,1210955,Technology,EDP Services
PAYX,Paychex Inc. Common Stock,$111.84,-1.29,-1.14%,40314578728.00,United States,1983,1315357,Consumer Discretionary,Business Services
PCAR,PACCAR Inc. Common Stock,$75.87,-0.41,-0.537%,921663817676.00,United States,,1824861,Industrials,Construction/Ag Equipment/Trucks
PCH,PotlatchDeltic Corporation Common Stock,$46.125,-0.375,-0.806%,3675363108.00,United States,,348914,Real Estate,Real Estate Investment Trusts
PCTY,Paylocity Holding Corporation Common Stock,$185.63,-5.51,-2.883%,10352532752.00,United States,2014,200445,Technology,Computer Software: Prepackaged Software
PCVX,Vaxcyte Inc. Common Stock,$41.00,-0.24,-0.582%,3238188036.00,United States,2020,131233,Health Care,Biotechnology: Pharmaceutical Preparations
PDCE,PDC Energy Inc. Common Stock (Delaware),$68.34,-1.65,-2.357%,6297166269.00,United States,,394483,Energy,Oil & Gas Production
PDCO,Patterson Companies Inc. Common Stock,$27.195,-0.175,-0.639%,2639764260.00,United States,1992,401134,Health Care,Medical Specialities
PDD,PDD Holdings Inc. American Depositary Shares,$93.89,0.11,0.117%,118713170462.00,China,2018,3368466,Consumer Discretionary,Catalog/Specialty Distribution
PECO,Phillips Edison & Company Inc. Common Stock,$32.82,-0.58,-1.737%,3844075320.00,United States,2021,168892,Real Estate,Real Estate Investment Trusts
PEGA,Pegasystems Inc. Common Stock,$47.46,-0.26,-0.545%,3914012626.00,United States,1996,141419,Technology,EDP Services
PENN,PENN Entertainment Inc. Common Stock,$29.80,-0.52,-1.715%,4695302513.00,United States,1994,1031686,Consumer Discretionary,Movies/Entertainment
PEP,PepsiCo Inc. Common Stock,$172.45,-1.05,-0.605%,237506989444.00,United States,,1806842,Consumer Staples,Beverages (Production/Distribution)
PFG,Principal Financial Group Inc Common Stock,$84.40,-1.30,-1.517%,20517987981.00,United States,2001,735737,Finance,Investment Managers
PGNY,Progyny Inc. Common Stock,$34.96,-0.54,-1.521%,3247198140.00,United States,2019,289798,Health Care,Managed Health Care
PI,Impinj Inc. Common Stock,$135.0537,-3.6163,-2.608%,3532611651.00,United States,2016,213087,Utilities,Telecommunications Equipment
PINC,Premier Inc. Class A Common Stock,$31.02,-0.42,-1.336%,3687264825.00,United States,2013,171728,Health Care,Managed Health Care
PLTK,Playtika Holding Corp. Common Stock,$9.65,-0.20,-2.03%,3484850711.00,Israel,2021,547537,Technology,EDP Services
PLUG,Plug Power Inc. Common Stock,$13.465,-0.205,-1.50%,7848808029.00,United States,1999,8684158,Consumer Discretionary,Electrical Products
PLXS,Plexus Corp. Common Stock,$96.04,-0.08,-0.083%,2660546467.00,United States,,76648,Technology,Electrical Products
PNFP,Pinnacle Financial Partners Inc. Common Stock,$68.63,-3.02,-4.215%,5247093816.00,United States,,274236,Finance,Major Banks
PODD,Insulet Corporation Common Stock,$287.58,-2.99,-1.029%,19972058009.00,United States,2007,183147,Health Care,Medical/Dental Instruments
POOL,Pool Corporation Common Stock,$355.97,-1.25,-0.35%,13900848489.00,United States,1995,105392,Industrials,Industrial Machinery/Components
POWI,Power Integrations Inc. Common Stock,$82.165,-0.845,-1.018%,4682315656.00,United States,1997,139493,Technology,Semiconductors
PPBI,Pacific Premier Bancorp Inc,$30.39,-0.97,-3.093%,2887711286.00,United States,,120827,Finance,Major Banks
PPC,Pilgrim's Pride Corporation Common Stock,$23.555,-0.295,-1.237%,5570035893.00,United States,,192046,Consumer Staples,Meat/Poultry/Fish
PRFT,Perficient Inc. Common Stock,$71.69,-0.99,-1.362%,2482513150.00,United States,1999,169182,Technology,EDP Services
PRGS,Progress Software Corporation Common Stock (DE),$56.99,-0.59,-1.025%,2470247906.00,United States,1991,97005,Technology,Computer Software: Prepackaged Software
PROK,ProKidney Corp. Class A Ordinary Shares,$12.71,0.79,6.628%,2952077880.00,United States,2021,189385,Health Care,Biotechnology: Biological Products (No Diagnostic Substances)
PRTA,Prothena Corporation plc Ordinary Shares,$52.93,-0.45,-0.843%,2732594138.00,United States,,127916,Health Care,Biotechnology: Pharmaceutical Preparations
PRVA,Privia Health Group Inc. Common Stock,$28.45,0.14,0.495%,3251793634.00,United States,2021,355794,Technology,Retail: Computer Software & Peripheral Equipment
PSEC,Prospect Capital Corporation Common Stock,$7.30,-0.07,-0.95%,2915874536.00,United States,2004,702745,Finance,Finance/Investors Services
PSMT,PriceSmart Inc. Common Stock,$68.58,-1.20,-1.72%,2129471888.00,United States,,26351,Consumer Discretionary,Department/Specialty Retail Stores
PSNY,Polestar Automotive Holding UK PLC Class A ADS,$4.80,-0.28,-5.512%,10125017026.00,Sweden,,3700157,Consumer Discretionary,Auto Manufacturing
PSNYW,Polestar Automotive Holding UK PLC Class C-1 ADS (ADW),$1.0362,-0.0338,-3.159%,2185738050.00,Sweden,,45082,Consumer Discretionary,Auto Manufacturing
PTC,PTC Inc. Common Stock,$121.975,-2.715,-2.177%,14425154186.00,United States,,331329,Technology,Computer Software: Prepackaged Software
PTCT,PTC Therapeutics Inc. Common Stock,$47.29,1.71,3.752%,3451098125.00,United States,2013,361056,Health Care,Biotechnology: Pharmaceutical Preparations
PTEN,Patterson-UTI Energy Inc. Common Stock,$14.725,-0.395,-2.612%,3146082951.00,United States,1993,1579732,Energy,Oil & Gas Production
PTON,Peloton Interactive Inc. Class A Common Stock,$13.5634,-0.3166,-2.281%,4693211072.00,United States,2019,5183125,Consumer Discretionary,Other Consumer Services
PYCR,Paycor HCM Inc. Common Stock,$24.26,-0.40,-1.622%,4280387869.00,United States,2021,220765,Technology,Computer Software: Prepackaged Software
PYPL,PayPal Holdings Inc. Common Stock,$75.005,-1.775,-2.312%,84858654216.00,United States,,6256758,Consumer Discretionary,Business Services
PZZA,Papa John's International Inc. Common Stock,$85.17,-1.37,-1.583%,3008898791.00,United States,1993,260184,Consumer Discretionary,Restaurants
QCOM,QUALCOMM Incorporated Common Stock,$118.67,-3.74,-3.055%,132317050000.00,United States,1991,3648851,Technology,Computer peripheral equipment
QDEL,QuidelOrtho Corporation Common Stock,$87.03,0.11,0.127%,5747927507.00,United States,,196571,Health Care,Medical/Dental Instruments
QFIN,360 DigiTech Inc. American Depositary Shares,$19.42,-1.28,-6.184%,3096448136.00,China,2018,742157,Finance,Finance: Consumer Services
QLYS,Qualys Inc. Common Stock,$121.49,0.19,0.157%,4615165643.00,United States,2012,164369,Technology,EDP Services
QRTEB,Qurate Retail Inc. Series B Common Stock ,$5.605,0.065,1.173%,2142296242.00,United States,,10477,Consumer Discretionary,Catalog/Specialty Distribution
QRVO,Qorvo Inc. Common Stock,$99.7841,-0.9659,-0.959%,9967354920.00,United States,,643236,Industrials,Industrial Machinery/Components
RARE,Ultragenyx Pharmaceutical Inc. Common Stock,$43.145,-1.015,-2.298%,3029499047.00,United States,2014,169370,Health Care,Biotechnology: Pharmaceutical Preparations
RCM,R1 RCM Inc. Common Stock,$14.075,-0.015,-0.106%,5864513610.00,United States,,607984,Consumer Discretionary,Other Consumer Services
REG,Regency Centers Corporation Common Stock,$61.20,-2.45,-3.849%,10484045132.00,United States,1993,363351,Real Estate,Real Estate Investment Trusts
REGN,Regeneron Pharmaceuticals Inc. Common Stock,$775.80,-4.58,-0.587%,84814747726.00,United States,1991,485595,Health Care,Biotechnology: Pharmaceutical Preparations
RELY,Remitly Global Inc. Common Stock,$15.69,0.29,1.883%,2677715069.00,United States,2021,1189052,Technology,Computer Software: Prepackaged Software
RETA,Reata Pharmaceuticals Inc. Class A Common Stock,$83.41,-5.10,-5.762%,3056447264.00,United States,2016,1108637,Health Care,Biotechnology: Pharmaceutical Preparations
REYN,Reynolds Consumer Products Inc. Common Stock,$26.98,-0.18,-0.663%,5662094513.00,United States,2020,162724,Industrials,Office Equipment/Supplies/Services
RGEN,Repligen Corporation Common Stock,$186.095,0.325,0.175%,10332820476.00,United States,1986,383111,Health Care,Medical/Dental Instruments
RGLD,Royal Gold Inc. Common Stock,$112.17,-5.29,-4.504%,7363299819.00,United States,,321942,Industrials,Consumer Electronics/Appliances
RIVN,Rivian Automotive Inc. Class A Common Stock,$15.0261,-2.1039,-12.282%,13838374022.00,United States,2021,84506185,Consumer Discretionary,Auto Manufacturing
RKLB,Rocket Lab USA Inc. Common Stock,$4.41,-0.02,-0.451%,2087064212.00,United States,2020,1410651,Industrials,Aerospace
RLAY,Relay Therapeutics Inc. Common Stock,$17.98,1.02,6.014%,2173690320.00,United States,2020,944746,Health Care,Biotechnology: Pharmaceutical Preparations
RMBS,Rambus Inc. Common Stock,$42.89,-1.83,-4.092%,4609903409.00,United States,1997,496803,Technology,Semiconductors
ROIV,Roivant Sciences Ltd. Common Shares,$8.17,0.30,3.812%,6196351450.00,United Kingdom,,515689,Health Care,Biotechnology: Pharmaceutical Preparations
ROKU,Roku Inc. Class A Common Stock,$63.32,-0.32,-0.503%,8871723915.00,United States,2017,4003702,Telecommunications,Cable & Other Pay Television Services
ROST,Ross Stores Inc. Common Stock,$110.39,-2.01,-1.788%,38015115684.00,United States,1985,1689106,Consumer Discretionary,Clothing/Shoe/Accessory Stores
RPD,Rapid7 Inc. Common Stock,$49.51,-0.54,-1.079%,2932770399.00,United States,2015,311039,Technology,Computer Software: Prepackaged Software
RPRX,Royalty Pharma plc Class A Ordinary Shares ,$34.51,-0.64,-1.821%,15293659695.00,United States,2020,1039453,Health Care,Biotechnology: Pharmaceutical Preparations
RRR,Red Rock Resorts Inc. Class A Common Stock,$44.635,0.955,2.186%,2588848702.00,United States,2016,365350,Consumer Discretionary,Recreational Games/Products/Toys
RUM,Rumble Inc. Class A Common Stock,$9.64,0.30,3.212%,2690812978.00,United States,2021,943006,Technology,Computer Software: Prepackaged Software
RUN,Sunrun Inc. Common Stock,$24.42,-0.61,-2.437%,5203992818.00,United States,2015,3511962,Industrials,Building Products
RUSHA,Rush Enterprises Inc. Common Stock Cl A,$56.39,-0.24,-0.424%,3069220070.00,United States,,47165,Consumer Discretionary,Other Specialty Stores
RUSHB,Rush Enterprises Inc. Class B,$59.14,-0.48,-0.805%,3218898296.00,United States,,5842,Consumer Discretionary,Other Specialty Stores
RVMD,Revolution Medicines Inc. Common Stock,$24.95,0.01,0.04%,2215330435.00,United States,2020,867963,Health Care, Medicinal Chemicals and Botanical Products 
RVNC,Revance Therapeutics Inc. Common Stock,$32.85,-0.14,-0.424%,2702687169.00,United States,2014,456448,Health Care,Biotechnology: Pharmaceutical Preparations
RXDX,Prometheus Biosciences Inc. Common Stock,$126.43,3.88,3.166%,5877440037.00,United States,2021,395910,Health Care,Biotechnology: Pharmaceutical Preparations
RYAAY,Ryanair Holdings plc American Depositary Shares,$96.50,-0.76,-0.781%,21976225333.00,Ireland,1997,129343,Consumer Discretionary,Air Freight/Delivery Services
SAGE,Sage Therapeutics Inc. Common Stock,$41.20,-0.89,-2.115%,2460365450.00,United States,2014,112532,Health Care,Biotechnology: Pharmaceutical Preparations
SAIA,Saia Inc. Common Stock,$288.78,-4.03,-1.376%,7641830065.00,United States,,172753,Industrials,Trucking Freight/Courier Services
SANM,Sanmina Corporation Common Stock,$59.56,-0.85,-1.407%,3475782587.00,United States,1993,121750,Technology,Electrical Products
SBAC,SBA Communications Corporation Class A Common Stock,$247.16,-9.01,-3.517%,26684762372.00,United States,1999,638743,Real Estate,Real Estate Investment Trusts
SBCF,Seacoast Banking Corporation of Florida Common Stock,$28.60,-0.90,-3.051%,2407575141.00,United States,,192106,Finance,Major Banks
SBLK,Star Bulk Carriers Corp. Common Shares,$22.72,-0.20,-0.873%,2333079948.00,Greece,,1009869,Consumer Discretionary,Marine Transportation
SBNY,Signature Bank Common Stock,$105.795,-5.095,-4.595%,6657566467.00,United States,2004,930352,Finance,Major Banks
SBRA,Sabra Health Care REIT Inc. Common Stock,$11.685,-0.255,-2.136%,2698961641.00,United States,,1235998,Real Estate,Real Estate Investment Trusts
SBUX,Starbucks Corporation Common Stock,$103.40,-1.59,-1.514%,118837620000.00,United States,1992,2385145,Consumer Discretionary,Beverages - Non-Alcoholic
SEDG,SolarEdge Technologies Inc. Common Stock,$327.50,-4.98,-1.498%,18383689810.00,Israel,2015,526825,Technology,Semiconductors
SEIC,SEI Investments Company Common Stock,$59.18,-1.09,-1.809%,7939707160.00,United States,1981,133480,Finance,Investment Bankers/Brokers/Service
SFM,Sprouts Farmers Market Inc. Common Stock,$33.03,-0.21,-0.632%,3496307084.00,United States,2013,728769,Consumer Discretionary,Specialty Foods
SFNC,Simmons First National Corporation Class A Common Stock,$21.08,-0.43,-1.999%,2678143466.00,United States,,222564,Finance,Major Banks
SGEN,Seagen Inc. Common Stock,$177.93,0.58,0.327%,33235432070.00,United States,2001,562891,Health Care,Biotechnology: Biological Products (No Diagnostic Substances)
SGML,Sigma Lithium Corporation Common Shares,$35.26,-1.40,-3.819%,3649410000.00,Canada,,370669,Industrials,Industrial Machinery/Components
SGRY,Surgery Partners Inc. Common Stock,$32.06,-1.21,-3.637%,3930674462.00,United States,2015,343507,Health Care,Managed Health Care
SHC,Sotera Health Company Common Stock,$17.41,-0.18,-1.023%,4911596018.00,United States,2020,628688,Health Care,Medical Specialities
SHLS,Shoals Technologies Group Inc. Class A Common Stock,$26.77,0.19,0.715%,3092158851.00,United States,2021,1353049,Technology,Semiconductors
SHOO,Steven Madden Ltd. Common Stock,$35.805,0.425,1.201%,2788618037.00,United States,1993,482869,Consumer Discretionary,Shoe Manufacturing
SIGI,Selective Insurance Group Inc. Common Stock,$98.18,-2.21,-2.201%,5924066428.00,United States,,72554,Finance,Property-Casualty Insurers
SIMO,Silicon Motion Technology Corporation American Depositary Shares,$65.44,-0.81,-1.223%,2162504718.00,Taiwan,2005,126481,Technology,Semiconductors
SIRI,Sirius XM Holdings Inc. Common Stock,$4.085,-0.215,-5.00%,15892694306.00,United States,,12258772,Consumer Discretionary,Movies/Entertainment
SITM,SiTime Corporation Common Stock,$128.74,-1.24,-0.954%,2760120071.00,United States,2019,142423,Technology,Semiconductors
SIVB,SVB Financial Group Common Stock,$272.39,-10.65,-3.763%,16117829210.00,United States,,512555,Finance,Major Banks
SLAB,Silicon Laboratories Inc. Common Stock,$173.13,-3.73,-2.109%,5522698454.00,United States,2000,207153,Technology,Semiconductors
SLM,SLM Corporation Common Stock,$13.86,-0.26,-1.841%,3336102000.00,United States,,579173,Finance,Finance: Consumer Services
SMCI,Super Micro Computer Inc. Common Stock,$98.55,0.25,0.254%,5285941921.00,United States,2020,709959,Technology,Computer Manufacturing
SMPL,The Simply Good Foods Company Common Stock,$36.29,-0.27,-0.739%,3610541346.00,United States,,429249,Consumer Staples,Packaged Foods
SNEX,StoneX Group Inc. Common Stock,$104.02,0.50,0.483%,2147876214.00,United States,,42474,Finance,Investment Bankers/Brokers/Service
SNPS,Synopsys Inc. Common Stock,$360.515,-8.255,-2.239%,54907039084.00,United States,1992,289307,Technology,EDP Services
SNY,Sanofi ADS,$47.28,-0.45,-0.943%,118071430361.00,France,,864432,Health Care,Biotechnology: Pharmaceutical Preparations
SOFI,SoFi Technologies Inc. Common Stock  ,$6.4921,-0.1879,-2.813%,5266026164.00,United States,,22152627,Finance,Diversified Financial Services
SONO,Sonos Inc. Common Stock,$19.845,-0.355,-1.757%,2527218718.00,United States,2018,686866,Consumer Discretionary,Consumer Electronics/Video Chains
SPLK,Splunk Inc. Common Stock,$101.69,-1.60,-1.549%,16646653000.00,United States,2012,816969,Technology,Computer Software: Prepackaged Software
SPSC,SPS Commerce Inc. Common Stock,$148.20,-2.47,-1.639%,5341382015.00,United States,2010,85406,Technology,EDP Services
SPT,Sprout Social Inc Class A Common Stock,$65.125,-0.465,-0.709%,3571345004.00,United States,2019,344633,Technology,EDP Services
SPWR,SunPower Corporation Common Stock,$15.445,-0.315,-1.999%,2690248867.00,United States,2005,1570129,Technology,Semiconductors
SRAD,Sportradar Group AG Class A Ordinary Shares,$12.585,0.075,0.60%,3720625587.00,Switzerland,2021,94319,Technology,Computer Software: Programming Data Processing
SRCL,Stericycle Inc. Common Stock,$46.035,-0.365,-0.787%,4243700522.00,United States,1996,124463,Utilities,Environmental Services
SRPT,Sarepta Therapeutics Inc. Common Stock (DE),$154.79,-1.20,-0.769%,13587864939.00,United States,,545242,Health Care,Biotechnology: Pharmaceutical Preparations
SSB,SouthState Corporation Common Stock,$80.04,-2.59,-3.134%,6059393223.00,United States,,435231,Finance,Major Banks
SSNC,SS&C Technologies Holdings Inc. Common Stock,$58.025,-1.235,-2.084%,14617125098.00,United States,2010,781049,Technology,EDP Services
SSRM,SSR Mining Inc. Common Stock,$13.205,-0.535,-3.894%,2728258138.00,Canada,,1071935,,
STAA,STAAR Surgical Company Common Stock,$58.16,-0.68,-1.156%,2803678350.00,United States,,210828,Health Care,Ophthalmic Goods
STLD,Steel Dynamics Inc.,$131.585,-0.395,-0.299%,23102563853.00,United States,1996,728103,Industrials,Steel/Iron Ore
STNE,StoneCo Ltd. Class A Common Shares,$9.105,-0.005,-0.055%,2846339071.00,Brazil,2018,2491127,Technology,EDP Services
STRA,Strategic Education Inc. Common Stock,$84.45,1.60,1.931%,2065111418.00,United States,1996,61386,Consumer Discretionary,Service to the Health Industry
STX,Seagate Technology Holdings PLC Ordinary Shares (Ireland),$62.14,-1.18,-1.864%,12830907309.00,Ireland,2002,1294261,Technology,Electronic Components
SUPN,Supernus Pharmaceuticals Inc. Common Stock,$38.12,-0.26,-0.677%,2060696221.00,United States,2012,192706,Health Care,Biotechnology: Pharmaceutical Preparations
SWAV,ShockWave Medical Inc. Common Stock,$198.65,6.75,3.517%,7179666306.00,United States,2019,387945,Health Care,Medical/Dental Instruments
SWKS,Skyworks Solutions Inc. Common Stock,$111.98,-0.79,-0.701%,17801927781.00,United States,,473092,Technology,Semiconductors
SYNA,Synaptics Incorporated Common Stock $0.001 Par Value,$111.13,-3.23,-2.824%,4378050809.00,United States,2002,232350,Technology,Computer peripheral equipment
SYNH,Syneos Health Inc. Class A Common Stock,$39.45,-0.26,-0.655%,4072871849.00,United States,2014,400532,Health Care,Biotechnology: Commercial Physical & Biological Resarch
TCBI,Texas Capital Bancshares Inc. Common Stock,$64.43,-1.88,-2.835%,3107352268.00,United States,2003,177575,Finance,Major Banks
TCOM,Trip.com Group Limited American Depositary Shares,$37.44,-1.17,-3.03%,24027283875.00,China,2003,6758639,Consumer Discretionary,Hotels/Resorts
TEAM,Atlassian Corporation Class A Common Stock,$176.35,0.20,0.114%,45196276289.00,Australia,2015,1194906,Technology,EDP Services
TECH,Bio-Techne Corp Common Stock,$74.94,-1.97,-2.561%,11786203488.00,United States,,323361,Health Care,Biotechnology: Biological Products (No Diagnostic Substances)
TENB,Tenable Holdings Inc. Common Stock,$44.58,-0.51,-1.131%,5040036480.00,United States,2018,503453,Technology,EDP Services
TER,Teradyne Inc. Common Stock,$100.46,-1.19,-1.171%,15647262427.00,United States,,704870,Industrials,Electrical Products
TFSL,TFS Financial Corporation Common Stock,$13.54,-0.26,-1.884%,3795631520.00,United States,2007,229501,Finance,Savings Institutions
TGTX,TG Therapeutics Inc. Common Stock,$17.40,-0.08,-0.458%,2528950226.00,United States,,2201070,Health Care,Biotechnology: Pharmaceutical Preparations
THRM,Gentherm Inc Common Stock,$62.98,-1.35,-2.099%,2090814260.00,United States,,54936,Consumer Discretionary,Auto Parts:O.E.M.
TIGO,Millicom International Cellular S.A. Common Stock,$18.92,-0.32,-1.663%,3233238800.00,Luxembourg,,34808,Telecommunications,Telecommunications Equipment
TMDX,TransMedics Group Inc. Common Stock,$80.725,-0.215,-0.266%,2577082660.00,United States,2019,270596,Health Care,Biotechnology: Electromedical & Electrotherapeutic Apparatus
TMUS,T-Mobile US Inc. Common Stock,$142.325,-1.395,-0.971%,173548701131.00,United States,,2809790,Telecommunications,Telecommunications Equipment
TNDM,Tandem Diabetes Care Inc. Common Stock,$41.76,-0.91,-2.133%,2685117262.00,United States,2013,635813,Health Care,Medical/Dental Instruments
TOWN,TowneBank Common Stock,$29.845,-0.505,-1.664%,2230654218.00,United States,,86199,Finance,Major Banks
TPG,TPG Inc. Class A Common Stock,$32.31,-1.39,-4.125%,2568410009.00,United States,2022,231027,Finance,Trusts Except Educational Religious and Charitable
TRIP,TripAdvisor Inc. Common Stock,$21.015,-0.305,-1.431%,2962371363.00,United States,,620073,,
TRMB,Trimble Inc. Common Stock,$51.01,-2.04,-3.845%,12597006064.00,United States,1990,890460,Industrials,Industrial Machinery/Components
TRMD,TORM plc Class A Common Stock,$34.84,0.81,2.38%,2851277554.00,United Kingdom,,168732,Consumer Discretionary,Marine Transportation
TROW,T. Rowe Price Group Inc. Common Stock,$111.7306,-2.8594,-2.495%,25072226418.00,United States,1986,822980,Finance,Investment Managers
TRUP,Trupanion Inc. Common Stock,$57.595,-0.395,-0.681%,2362547188.00,United States,,239491,Health Care,Medical Specialities
TSCO,Tractor Supply Company Common Stock,$228.49,-0.20,-0.087%,25239746850.00,United States,1994,482854,Consumer Discretionary,Other Specialty Stores
TSEM,Tower Semiconductor Ltd. Ordinary Shares,$39.84,-0.10,-0.25%,4380567360.00,Israel,1994,216347,Technology,Semiconductors
TSLA,Tesla Inc. Common Stock,$189.85,-3.96,-2.043%,600704897785.00,United States,2010,118116727,Consumer Discretionary,Auto Manufacturing
TTD,The Trade Desk Inc. Class A Common Stock,$57.845,1.015,1.786%,28390025090.00,United States,2016,2370674,Technology,EDP Services
TTEK,Tetra Tech Inc. Common Stock,$138.34,-1.74,-1.242%,7363304069.00,United States,1991,80832,Consumer Discretionary,Military/Government/Technical
TTWO,Take-Two Interactive Software Inc. Common Stock,$117.26,1.55,1.34%,19778775271.00,United States,1997,1603057,Technology,Computer Software: Prepackaged Software
TW,Tradeweb Markets Inc. Class A Common Stock,$71.81,-0.62,-0.856%,14937243699.00,United States,2019,334164,Finance,Investment Bankers/Brokers/Service
TWKS,Thoughtworks Holding Inc. Common Stock,$7.65,-0.09,-1.163%,2408516721.00,United States,2021,628210,Technology,EDP Services
TWNK,Hostess Brands Inc. Class A Common Stock,$24.24,-0.09,-0.37%,3245414505.00,United States,2015,239132,Consumer Staples,Specialty Foods
TXG,10x Genomics Inc. Class A Common Stock,$48.85,0.42,0.867%,5635165220.00,United States,2019,481277,Health Care,Managed Health Care
TXN,Texas Instruments Incorporated Common Stock,$171.74,-1.31,-0.757%,155631783233.00,United States,,1436066,Technology,Semiconductors
TXRH,Texas Roadhouse Inc. Common Stock,$104.81,0.50,0.479%,7013335052.00,United States,2004,508589,Consumer Discretionary,Restaurants
UAL,United Airlines Holdings Inc. Common Stock,$54.17,1.73,3.299%,17718627647.00,United States,,7910491,Consumer Discretionary,Air Freight/Delivery Services
UBSI,United Bankshares Inc. Common Stock,$38.71,-1.26,-3.152%,5215983673.00,United States,,195395,Finance,Major Banks
UCBI,United Community Banks Inc. Common Stock,$32.225,-0.675,-2.052%,3703968215.00,United States,,317670,Finance,Major Banks
UFPI,UFP Industries Inc. Common Stock,$83.69,-0.91,-1.076%,5158443547.00,United States,1993,120241,Basic Materials,Forest Products
ULCC,Frontier Group Holdings Inc. Common Stock,$11.61,0.14,1.221%,2528239262.00,United States,2021,418013,Consumer Discretionary,Air Freight/Delivery Services
ULTA,Ulta Beauty Inc. Common Stock,$528.04,4.64,0.887%,26867082319.00,United States,2007,405108,,
UMBF,UMB Financial Corporation Common Stock,$85.73,-2.59,-2.933%,4142422505.00,United States,,45705,Finance,Commercial Banks
URBN,Urban Outfitters Inc. Common Stock,$26.795,-0.155,-0.575%,2469849221.00,United States,1993,1156278,Consumer Discretionary,Clothing/Shoe/Accessory Stores
UTHR,United Therapeutics Corporation Common Stock,$238.245,-9.775,-3.941%,10858481406.00,United States,1999,369987,Health Care,Biotechnology: Pharmaceutical Preparations
VC,Visteon Corporation Common Stock,$166.28,1.30,0.788%,4687448331.00,United States,,231990,Consumer Discretionary,Auto Parts:O.E.M.
VCTR,Victory Capital Holdings Inc. Class A Common Stock,$32.53,-0.08,-0.245%,2190099621.00,United States,2018,218537,Finance,Investment Managers
VERX,Vertex Inc. Class A Common Stock,$14.95,-0.05,-0.333%,2243096266.00,United States,2020,135066,Technology,EDP Services
VIAV,Viavi Solutions Inc. Common Stock,$10.265,-0.245,-2.331%,2307341058.00,United States,,1434544,Technology,Radio And Television Broadcasting And Communications Equipment
VIR,Vir Biotechnology Inc. Common Stock,$22.68,-0.41,-1.776%,3019062284.00,United States,2019,706421,Health Care,Biotechnology: Pharmaceutical Preparations
VIRT,Virtu Financial Inc. Class A Common Stock,$18.465,0.115,0.627%,3364209680.00,United States,2015,513730,Finance,Investment Bankers/Brokers/Service
VLY,Valley National Bancorp Common Stock,$11.005,-0.305,-2.697%,5572651130.00,United States,,2072175,Finance,Major Banks
VNOM,Viper Energy Partners LP Common Unit,$29.468,-0.532,-1.773%,2186087735.00,United States,2014,118082,Energy,Oil & Gas Production
VOD,Vodafone Group Plc American Depositary Shares,$11.595,-0.285,-2.399%,31428455051.00,United Kingdom,,13616903,Telecommunications,Telecommunications Equipment
VRNS,Varonis Systems Inc. Common Stock,$27.21,-0.30,-1.091%,2928235496.00,United States,2014,452034,Technology,Computer Software: Prepackaged Software
VRNT,Verint Systems Inc. Common Stock,$37.489,-0.541,-1.423%,2469260109.00,United States,2010,197446,Technology,EDP Services
VRRM,Verra Mobility Corporation Class A Common Stock,$17.67,0.09,0.512%,2648303760.00,United States,2017,1060869,Consumer Discretionary,Other Consumer Services
VRSK,Verisk Analytics Inc. Common Stock,$183.45,-4.25,-2.264%,28689369428.00,United States,2009,570658,Consumer Discretionary,Business Services
VRSN,VeriSign Inc. Common Stock,$197.67,-2.16,-1.081%,20731492615.00,United States,1998,210963,Technology,EDP Services
VRTX,Vertex Pharmaceuticals Incorporated Common Stock,$286.01,-5.61,-1.924%,73530723040.00,United States,1991,437375,Health Care,Biotechnology: Pharmaceutical Preparations
VSAT,ViaSat Inc. Common Stock,$35.18,-0.71,-1.978%,2686810654.00,United States,1996,554360,Technology,Radio And Television Broadcasting And Communications Equipment
VTRS,Viatris Inc. Common Stock,$10.68,-0.18,-1.657%,12951471507.00,United States,,7867955,Health Care, Medicinal Chemicals and Botanical Products 
VTYX,Ventyx Biosciences Inc. Common Stock,$44.74,0.90,2.053%,2533959871.00,United States,2021,286857,Health Care, Medicinal Chemicals and Botanical Products 
WAFD,Washington Federal Inc. Common Stock,$34.37,-0.90,-2.552%,2248325167.00,United States,,335586,Finance,Major Banks
WB,Weibo Corporation American Depositary Share,$17.65,-0.67,-3.657%,4175317041.00,China,2014,799298,Technology,Internet and Information Services
WBA,Walgreens Boots Alliance Inc. Common Stock,$34.465,-0.985,-2.779%,29726184989.00,United States,,3944482,Consumer Staples,Retail-Drug Stores and Proprietary Stores
WBD,Warner Bros. Discovery Inc. Series A Common Stock ,$14.915,-0.215,-1.421%,36219526564.00,United States,,6118749,Telecommunications,Cable & Other Pay Television Services
WDAY,Workday Inc. Class A Common Stock,$187.00,-1.82,-0.964%,48059000000.00,United States,,695943,Technology,Computer Software: Prepackaged Software
WDC,Western Digital Corporation Common Stock,$37.22,-0.56,-1.482%,11885382503.00,United States,,1415932,Technology,Electronic Components
WDFC,WD-40 Company Common Stock,$170.79,1.12,0.66%,2320625521.00,United States,1973,54216,Industrials,Industrial Specialties
WEN,Wendy's Company (The) Common Stock,$21.505,-0.245,-1.126%,4581145248.00,United States,,1163057,Consumer Discretionary,Restaurants
WERN,Werner Enterprises Inc. Common Stock,$46.86,-0.07,-0.149%,2962629921.00,United States,1986,201687,Industrials,Trucking Freight/Courier Services
WFRD,Weatherford International plc Ordinary Shares,$67.87,-1.14,-1.652%,4811326086.00,United States,,405795,Industrials,Metal Fabrications
WING,Wingstop Inc. Common Stock,$171.69,-1.21,-0.70%,5136343282.00,United States,2015,404354,Consumer Discretionary,Restaurants
WIRE,Encore Wire Corporation Common Stock,$194.7246,-0.4954,-0.254%,3557693606.00,United States,1992,95547,Industrials,Metal Fabrications
WIX,Wix.com Ltd. Ordinary Shares,$95.445,1.885,2.015%,5610892955.00,Israel,2013,467142,Technology,EDP Services
WMG,Warner Music Group Corp. Class A Common Stock,$31.77,-0.34,-1.059%,16391377995.00,United States,2020,786578,Consumer Discretionary,Movies/Entertainment
WOOF,Petco Health and Wellness Company Inc. Class A Common Stock,$10.1587,0.0987,0.981%,2701401870.00,United States,2021,726894,Miscellaneous,Diversified Commercial Services
WSBC,WesBanco Inc. Common Stock,$34.52,-1.07,-3.006%,2043548203.00,United States,,53547,Finance,Major Banks
WSC,WillScot Mobile Mini Holdings Corp. Class A Common Stock,$52.96,-0.06,-0.113%,11062804391.00,United States,2015,684062,Consumer Discretionary,Diversified Commercial Services
WSFS,WSFS Financial Corporation Common Stock,$46.43,-1.61,-3.351%,2860645160.00,United States,,133876,Finance,Major Banks
WTFC,Wintrust Financial Corporation Common Stock,$88.50,-3.04,-3.321%,5380269708.00,United States,,157988,Finance,Major Banks
WTW,Willis Towers Watson Public Limited Company Ordinary Shares,$237.83,-1.18,-0.494%,25389866050.00,United Kingdom,2001,299587,Finance,Specialty Insurers
WWD,Woodward Inc. Common Stock,$98.87,-0.75,-0.753%,5905355806.00,United States,,115744,Industrials,Military/Government/Technical
WYNN,Wynn Resorts Limited Common stock,$112.95,-2.45,-2.123%,12798770103.00,United States,2002,1165284,Consumer Discretionary,Hotels/Resorts
XEL,Xcel Energy Inc. Common Stock,$63.54,-1.51,-2.321%,34772169436.00,United States,,1450615,Utilities,Power Generation
XENE,Xenon Pharmaceuticals Inc. Common Shares,$35.89,-1.24,-3.34%,2244704842.00,Canada,2014,168198,Health Care,Pharmaceuticals and Biotechnology
XM,Qualtrics International Inc. Class A Common Stock,$17.425,0.165,0.956%,10347969987.00,United States,2021,6110300,Technology,Computer Software: Prepackaged Software
XP,XP Inc. Class A Common Stock,$11.895,-0.025,-0.21%,6667370591.00,Brazil,2019,3569301,Finance,Investment Bankers/Brokers/Service
XRAY,DENTSPLY SIRONA Inc. Common Stock,$38.575,-0.695,-1.77%,8290226002.00,United States,1987,1085594,Health Care,Medical/Dental Instruments
XRX,Xerox Holdings Corporation Common Stock,$16.43,-0.28,-1.676%,2559481830.00,United States,,439569,Technology,EDP Services
YY,JOYY Inc. American Depositary Shares,$30.22,-1.43,-4.518%,2140875067.00,China,2012,357518,Technology,EDP Services
Z,Zillow Group Inc. Class C Capital Stock,$41.67,-0.76,-1.791%,9765103396.00,United States,,1043844,Consumer Discretionary,Business Services
ZBRA,Zebra Technologies Corporation Class A Common Stock,$302.2001,-3.6099,-1.18%,15534518173.00,United States,1991,116369,Technology,Computer peripheral equipment
ZD,Ziff Davis Inc. Common Stock,$77.95,-0.15,-0.192%,3678582414.00,United States,,201592,Consumer Discretionary,Advertising
ZG,Zillow Group Inc. Class A Common Stock,$41.03,-0.74,-1.772%,9615123406.00,United States,2011,161535,Consumer Discretionary,Business Services
ZI,ZoomInfo Technologies Inc Common Stock,$25.105,-0.465,-1.819%,10149734317.00,United States,2020,1053380,Technology,Computer Software: Prepackaged Software
ZION,Zions Bancorporation N.A. Common Stock,$46.54,-2.22,-4.553%,6918822560.00,United States,,1427180,Finance,Major Banks
ZLAB,Zai Lab Limited American Depositary Shares,$38.17,-1.69,-4.24%,2877083255.00,China,2017,299459,Health Care,Biotechnology: Pharmaceutical Preparations
ZM,Zoom Video Communications Inc. Class A Common Stock,$70.1297,-1.2003,-1.683%,20500470223.00,United States,2019,1898397,Technology,Computer Software: Prepackaged Software
ZS,Zscaler Inc. Common Stock,$118.00,-1.81,-1.511%,17017042786.00,United States,2018,2623679,Technology,EDP Services
